HITId,HITTypeId,Title,Description,Keywords,Reward,CreationTime,MaxAssignments,RequesterAnnotation,AssignmentDurationInSeconds,AutoApprovalDelayInSeconds,Expiration,NumberOfSimilarHITs,LifetimeInSeconds,AssignmentId,WorkerId,AssignmentStatus,AcceptTime,SubmitTime,AutoApprovalTime,ApprovalTime,RejectionTime,RequesterFeedback,WorkTimeInSeconds,LifetimeApprovalRate,Last30DaysApprovalRate,Last7DaysApprovalRate,Input.claimHeadline,Input.articleHeadline,Input.articleHeadlineStance,Input.articleId,Input.claimId,Input.url,Input.source,Input.claimTruth,Input.claimCount,Input.articleCount,Input.sourceCount,Answer.Q1Answer,Answer.user_feedback,Approve,Reject
32FESTC2NHYYVYT6S18BXXO3IQICUN,31VHXET8YS9W77TWAKG7E9LHW92NHC,Fact Checking,"Given a claim and a news headline, label the headline as for/against/observing","news, fact-check",$0.04,Mon Apr 03 08:05:23 PDT 2017,5,BatchId:2750278;OriginalHitTemplateId:926051491;,1200,86400,Mon Apr 03 13:05:23 PDT 2017,,,3CFJTT4SXUYQXA14X5GOMS3039EI7B,A181,Submitted,Mon Apr 03 08:10:11 PDT 2017,Mon Apr 03 08:10:20 PDT 2017,Tue Apr 04 08:10:20 PDT 2017,,,,9,0% (0/0),0% (0/0),0% (0/0),Seth Rogen will play Steve Wozniak in a film about Steve Jobs,Steve Jobs Biopic Eyes Seth Rogen to Play Apple Co-Founder Steve Wozniak,observing,ad3dac40-6122-11e4-b6e9-e5f029e25965,cf3a83c0-611a-11e4-b6e9-e5f029e25965,http://www.hollywoodreporter.com/news/steve-jobs-biopic-eyes-seth-745160?mobile_redirect=false,www.hollywoodreporter.com,true,204,1693,425,For,{},,
32FESTC2NHYYVYT6S18BXXO3IQICUN,31VHXET8YS9W77TWAKG7E9LHW92NHC,Fact Checking,"Given a claim and a news headline, label the headline as for/against/observing","news, fact-check",$0.04,Mon Apr 03 08:05:23 PDT 2017,5,BatchId:2750278;OriginalHitTemplateId:926051491;,1200,86400,Mon Apr 03 13:05:23 PDT 2017,,,3MAOD8E57RICQQIMCYXELZC5R1NNXR,A173,Submitted,Mon Apr 03 08:08:27 PDT 2017,Mon Apr 03 08:08:59 PDT 2017,Tue Apr 04 08:08:59 PDT 2017,,,,32,0% (0/0),0% (0/0),0% (0/0),Seth Rogen will play Steve Wozniak in a film about Steve Jobs,Steve Jobs Biopic Eyes Seth Rogen to Play Apple Co-Founder Steve Wozniak,observing,ad3dac40-6122-11e4-b6e9-e5f029e25965,cf3a83c0-611a-11e4-b6e9-e5f029e25965,http://www.hollywoodreporter.com/news/steve-jobs-biopic-eyes-seth-745160?mobile_redirect=false,www.hollywoodreporter.com,true,204,1693,425,For,{},,
32FESTC2NHYYVYT6S18BXXO3IQICUN,31VHXET8YS9W77TWAKG7E9LHW92NHC,Fact Checking,"Given a claim and a news headline, label the headline as for/against/observing","news, fact-check",$0.04,Mon Apr 03 08:05:23 PDT 2017,5,BatchId:2750278;OriginalHitTemplateId:926051491;,1200,86400,Mon Apr 03 13:05:23 PDT 2017,,,3TPZPLC3M1K0DDNL8O3II8SWKLN3P3,A132,Submitted,Mon Apr 03 08:07:45 PDT 2017,Mon Apr 03 08:07:53 PDT 2017,Tue Apr 04 08:07:53 PDT 2017,,,,8,0% (0/0),0% (0/0),0% (0/0),Seth Rogen will play Steve Wozniak in a film about Steve Jobs,Steve Jobs Biopic Eyes Seth Rogen to Play Apple Co-Founder Steve Wozniak,observing,ad3dac40-6122-11e4-b6e9-e5f029e25965,cf3a83c0-611a-11e4-b6e9-e5f029e25965,http://www.hollywoodreporter.com/news/steve-jobs-biopic-eyes-seth-745160?mobile_redirect=false,www.hollywoodreporter.com,true,204,1693,425,Observing,{},,
32FESTC2NHYYVYT6S18BXXO3IQICUN,31VHXET8YS9W77TWAKG7E9LHW92NHC,Fact Checking,"Given a claim and a news headline, label the headline as for/against/observing","news, fact-check",$0.04,Mon Apr 03 08:05:23 PDT 2017,5,BatchId:2750278;OriginalHitTemplateId:926051491;,1200,86400,Mon Apr 03 13:05:23 PDT 2017,,,3TVSS0C0E28VW3IGZPN4SF4Q7H3WT8,A21,Submitted,Mon Apr 03 08:09:25 PDT 2017,Mon Apr 03 08:09:40 PDT 2017,Tue Apr 04 08:09:40 PDT 2017,,,,15,0% (0/0),0% (0/0),0% (0/0),Seth Rogen will play Steve Wozniak in a film about Steve Jobs,Steve Jobs Biopic Eyes Seth Rogen to Play Apple Co-Founder Steve Wozniak,observing,ad3dac40-6122-11e4-b6e9-e5f029e25965,cf3a83c0-611a-11e4-b6e9-e5f029e25965,http://www.hollywoodreporter.com/news/steve-jobs-biopic-eyes-seth-745160?mobile_redirect=false,www.hollywoodreporter.com,true,204,1693,425,Observing,{},,
32FESTC2NHYYVYT6S18BXXO3IQICUN,31VHXET8YS9W77TWAKG7E9LHW92NHC,Fact Checking,"Given a claim and a news headline, label the headline as for/against/observing","news, fact-check",$0.04,Mon Apr 03 08:05:23 PDT 2017,5,BatchId:2750278;OriginalHitTemplateId:926051491;,1200,86400,Mon Apr 03 13:05:23 PDT 2017,,,3U0SRXB7CEDSTUWA3ZRMWHQHQK2NRV,A109,Submitted,Mon Apr 03 08:08:01 PDT 2017,Mon Apr 03 08:08:10 PDT 2017,Tue Apr 04 08:08:10 PDT 2017,,,,9,0% (0/0),0% (0/0),0% (0/0),Seth Rogen will play Steve Wozniak in a film about Steve Jobs,Steve Jobs Biopic Eyes Seth Rogen to Play Apple Co-Founder Steve Wozniak,observing,ad3dac40-6122-11e4-b6e9-e5f029e25965,cf3a83c0-611a-11e4-b6e9-e5f029e25965,http://www.hollywoodreporter.com/news/steve-jobs-biopic-eyes-seth-745160?mobile_redirect=false,www.hollywoodreporter.com,true,204,1693,425,Observing,{},,
3EQPA8A37442PBTM8GO51TGDAS6JZX,31VHXET8YS9W77TWAKG7E9LHW92NHC,Fact Checking,"Given a claim and a news headline, label the headline as for/against/observing","news, fact-check",$0.04,Mon Apr 03 08:05:23 PDT 2017,5,BatchId:2750278;OriginalHitTemplateId:926051491;,1200,86400,Mon Apr 03 13:05:23 PDT 2017,,,378XPAWRUDL8GCZ248S8WJ5Q4HKIA2,A21,Submitted,Mon Apr 03 08:10:14 PDT 2017,Mon Apr 03 08:10:22 PDT 2017,Tue Apr 04 08:10:22 PDT 2017,,,,8,0% (0/0),0% (0/0),0% (0/0),"Tiger Woods is selling his island in Lake Mlaren, Sweden",Tiger Woods prices private island at 7.1 million,for,b0ce2680-9a7c-11e4-bf59-1bb8b99952ce,6c9f9f20-9a7c-11e4-bf59-1bb8b99952ce,http://www.latimes.com/business/realestate/hot-property/la-fi-hotprop-tiger-woods-island-20150109-story.html,www.latimes.com,false,225,1961,167,For,{},,
3EQPA8A37442PBTM8GO51TGDAS6JZX,31VHXET8YS9W77TWAKG7E9LHW92NHC,Fact Checking,"Given a claim and a news headline, label the headline as for/against/observing","news, fact-check",$0.04,Mon Apr 03 08:05:23 PDT 2017,5,BatchId:2750278;OriginalHitTemplateId:926051491;,1200,86400,Mon Apr 03 13:05:23 PDT 2017,,,3GM6G9ZBKO5ZRRO2VNHHJH2Z9FPTME,A132,Submitted,Mon Apr 03 08:08:58 PDT 2017,Mon Apr 03 08:09:04 PDT 2017,Tue Apr 04 08:09:04 PDT 2017,,,,6,0% (0/0),0% (0/0),0% (0/0),"Tiger Woods is selling his island in Lake Mlaren, Sweden",Tiger Woods prices private island at 7.1 million,for,b0ce2680-9a7c-11e4-bf59-1bb8b99952ce,6c9f9f20-9a7c-11e4-bf59-1bb8b99952ce,http://www.latimes.com/business/realestate/hot-property/la-fi-hotprop-tiger-woods-island-20150109-story.html,www.latimes.com,false,225,1961,167,For,{},,
3EQPA8A37442PBTM8GO51TGDAS6JZX,31VHXET8YS9W77TWAKG7E9LHW92NHC,Fact Checking,"Given a claim and a news headline, label the headline as for/against/observing","news, fact-check",$0.04,Mon Apr 03 08:05:23 PDT 2017,5,BatchId:2750278;OriginalHitTemplateId:926051491;,1200,86400,Mon Apr 03 13:05:23 PDT 2017,,,3K2755HG5TBM4S0ONADPJN049SPDF8,A109,Submitted,Mon Apr 03 08:06:28 PDT 2017,Mon Apr 03 08:06:39 PDT 2017,Tue Apr 04 08:06:39 PDT 2017,,,,11,0% (0/0),0% (0/0),0% (0/0),"Tiger Woods is selling his island in Lake Mlaren, Sweden",Tiger Woods prices private island at 7.1 million,for,b0ce2680-9a7c-11e4-bf59-1bb8b99952ce,6c9f9f20-9a7c-11e4-bf59-1bb8b99952ce,http://www.latimes.com/business/realestate/hot-property/la-fi-hotprop-tiger-woods-island-20150109-story.html,www.latimes.com,false,225,1961,167,For,{},,
3EQPA8A37442PBTM8GO51TGDAS6JZX,31VHXET8YS9W77TWAKG7E9LHW92NHC,Fact Checking,"Given a claim and a news headline, label the headline as for/against/observing","news, fact-check",$0.04,Mon Apr 03 08:05:23 PDT 2017,5,BatchId:2750278;OriginalHitTemplateId:926051491;,1200,86400,Mon Apr 03 13:05:23 PDT 2017,,,3W2LOLRXLCNRLOB76MZ64P9DWPXRKU,A181,Submitted,Mon Apr 03 08:09:32 PDT 2017,Mon Apr 03 08:09:57 PDT 2017,Tue Apr 04 08:09:57 PDT 2017,,,,25,0% (0/0),0% (0/0),0% (0/0),"Tiger Woods is selling his island in Lake Mlaren, Sweden",Tiger Woods prices private island at 7.1 million,for,b0ce2680-9a7c-11e4-bf59-1bb8b99952ce,6c9f9f20-9a7c-11e4-bf59-1bb8b99952ce,http://www.latimes.com/business/realestate/hot-property/la-fi-hotprop-tiger-woods-island-20150109-story.html,www.latimes.com,false,225,1961,167,For,{},,
3EQPA8A37442PBTM8GO51TGDAS6JZX,31VHXET8YS9W77TWAKG7E9LHW92NHC,Fact Checking,"Given a claim and a news headline, label the headline as for/against/observing","news, fact-check",$0.04,Mon Apr 03 08:05:23 PDT 2017,5,BatchId:2750278;OriginalHitTemplateId:926051491;,1200,86400,Mon Apr 03 13:05:23 PDT 2017,,,3ZAK8W07I5MHOQWK6NKTQGHOPQVU0V,A163,Submitted,Mon Apr 03 08:09:45 PDT 2017,Mon Apr 03 08:09:54 PDT 2017,Tue Apr 04 08:09:54 PDT 2017,,,,9,0% (0/0),0% (0/0),0% (0/0),"Tiger Woods is selling his island in Lake Mlaren, Sweden",Tiger Woods prices private island at 7.1 million,for,b0ce2680-9a7c-11e4-bf59-1bb8b99952ce,6c9f9f20-9a7c-11e4-bf59-1bb8b99952ce,http://www.latimes.com/business/realestate/hot-property/la-fi-hotprop-tiger-woods-island-20150109-story.html,www.latimes.com,false,225,1961,167,For,{},,
374UMBUHN5XJVLEHSWI1S121ZCBCTW,31VHXET8YS9W77TWAKG7E9LHW92NHC,Fact Checking,"Given a claim and a news headline, label the headline as for/against/observing","news, fact-check",$0.04,Mon Apr 03 08:05:23 PDT 2017,5,BatchId:2750278;OriginalHitTemplateId:926051491;,1200,86400,Mon Apr 03 13:05:23 PDT 2017,,,34S6N1K2ZWRPG0FMVHZD5LKMYG4HLQ,A205,Submitted,Mon Apr 03 08:09:21 PDT 2017,Mon Apr 03 08:09:46 PDT 2017,Tue Apr 04 08:09:46 PDT 2017,,,,25,0% (0/0),0% (0/0),0% (0/0),A Video shows sexist Peruvian men being tricked into harassing their own mothers,"A Peruvian TV show is tricking men into catcalling their mothers, for feminism",for,20aafd50-a632-11e4-aa4f-ff16e52e0d56,c4ebc320-a62a-11e4-aa4f-ff16e52e0d56,http://usvsth3m.com/post/a-peruvian-tv-show-is-tricking-men-into-catcalling-their-mothers-for-feminism,usvsth3m.com,false,188,1544,513,For,{},,
374UMBUHN5XJVLEHSWI1S121ZCBCTW,31VHXET8YS9W77TWAKG7E9LHW92NHC,Fact Checking,"Given a claim and a news headline, label the headline as for/against/observing","news, fact-check",$0.04,Mon Apr 03 08:05:23 PDT 2017,5,BatchId:2750278;OriginalHitTemplateId:926051491;,1200,86400,Mon Apr 03 13:05:23 PDT 2017,,,37U1UTWH9WU7QN96XX23EK0M1P3R8B,A109,Submitted,Mon Apr 03 08:09:05 PDT 2017,Mon Apr 03 08:09:16 PDT 2017,Tue Apr 04 08:09:16 PDT 2017,,,,11,0% (0/0),0% (0/0),0% (0/0),A Video shows sexist Peruvian men being tricked into harassing their own mothers,"A Peruvian TV show is tricking men into catcalling their mothers, for feminism",for,20aafd50-a632-11e4-aa4f-ff16e52e0d56,c4ebc320-a62a-11e4-aa4f-ff16e52e0d56,http://usvsth3m.com/post/a-peruvian-tv-show-is-tricking-men-into-catcalling-their-mothers-for-feminism,usvsth3m.com,false,188,1544,513,For,{},,
374UMBUHN5XJVLEHSWI1S121ZCBCTW,31VHXET8YS9W77TWAKG7E9LHW92NHC,Fact Checking,"Given a claim and a news headline, label the headline as for/against/observing","news, fact-check",$0.04,Mon Apr 03 08:05:23 PDT 2017,5,BatchId:2750278;OriginalHitTemplateId:926051491;,1200,86400,Mon Apr 03 13:05:23 PDT 2017,,,39O5D9O87U0HJOEH3JHCY8TPL28C3Y,A181,Submitted,Mon Apr 03 08:09:57 PDT 2017,Mon Apr 03 08:10:11 PDT 2017,Tue Apr 04 08:10:11 PDT 2017,,,,14,0% (0/0),0% (0/0),0% (0/0),A Video shows sexist Peruvian men being tricked into harassing their own mothers,"A Peruvian TV show is tricking men into catcalling their mothers, for feminism",for,20aafd50-a632-11e4-aa4f-ff16e52e0d56,c4ebc320-a62a-11e4-aa4f-ff16e52e0d56,http://usvsth3m.com/post/a-peruvian-tv-show-is-tricking-men-into-catcalling-their-mothers-for-feminism,usvsth3m.com,false,188,1544,513,For,{},,
374UMBUHN5XJVLEHSWI1S121ZCBCTW,31VHXET8YS9W77TWAKG7E9LHW92NHC,Fact Checking,"Given a claim and a news headline, label the headline as for/against/observing","news, fact-check",$0.04,Mon Apr 03 08:05:23 PDT 2017,5,BatchId:2750278;OriginalHitTemplateId:926051491;,1200,86400,Mon Apr 03 13:05:23 PDT 2017,,,3PH3VY7DJM5RIFRF5HCME357SDPWZO,A169,Submitted,Mon Apr 03 08:09:43 PDT 2017,Mon Apr 03 08:10:17 PDT 2017,Tue Apr 04 08:10:17 PDT 2017,,,,34,0% (0/0),0% (0/0),0% (0/0),A Video shows sexist Peruvian men being tricked into harassing their own mothers,"A Peruvian TV show is tricking men into catcalling their mothers, for feminism",for,20aafd50-a632-11e4-aa4f-ff16e52e0d56,c4ebc320-a62a-11e4-aa4f-ff16e52e0d56,http://usvsth3m.com/post/a-peruvian-tv-show-is-tricking-men-into-catcalling-their-mothers-for-feminism,usvsth3m.com,false,188,1544,513,Against,{},,
374UMBUHN5XJVLEHSWI1S121ZCBCTW,31VHXET8YS9W77TWAKG7E9LHW92NHC,Fact Checking,"Given a claim and a news headline, label the headline as for/against/observing","news, fact-check",$0.04,Mon Apr 03 08:05:23 PDT 2017,5,BatchId:2750278;OriginalHitTemplateId:926051491;,1200,86400,Mon Apr 03 13:05:23 PDT 2017,,,3YGXWBAF71P21KXL3XMV8DLVZ24C4J,A21,Submitted,Mon Apr 03 08:07:53 PDT 2017,Mon Apr 03 08:08:42 PDT 2017,Tue Apr 04 08:08:42 PDT 2017,,,,49,0% (0/0),0% (0/0),0% (0/0),A Video shows sexist Peruvian men being tricked into harassing their own mothers,"A Peruvian TV show is tricking men into catcalling their mothers, for feminism",for,20aafd50-a632-11e4-aa4f-ff16e52e0d56,c4ebc320-a62a-11e4-aa4f-ff16e52e0d56,http://usvsth3m.com/post/a-peruvian-tv-show-is-tricking-men-into-catcalling-their-mothers-for-feminism,usvsth3m.com,false,188,1544,513,For|Observing,{},,
3UV0D2KX1MR6HCJ14X7USZBCGQMF4E,31VHXET8YS9W77TWAKG7E9LHW92NHC,Fact Checking,"Given a claim and a news headline, label the headline as for/against/observing","news, fact-check",$0.04,Mon Apr 03 08:05:23 PDT 2017,5,BatchId:2750278;OriginalHitTemplateId:926051491;,1200,86400,Mon Apr 03 13:05:23 PDT 2017,,,337RC3OW06AUY1A606GHKMBV6VFLVK,A132,Submitted,Mon Apr 03 08:09:10 PDT 2017,Mon Apr 03 08:09:15 PDT 2017,Tue Apr 04 08:09:15 PDT 2017,,,,5,0% (0/0),0% (0/0),0% (0/0),A man caught stealing women's underwear was forced to wear it and walk around in public,Public shaming: Underwear thief forced to walk around the block wearing the bras he stole,for,fd361510-9cd3-11e4-bf59-1bb8b99952ce,f44f2ea0-9cd3-11e4-bf59-1bb8b99952ce,http://metro.co.uk/2015/01/14/public-shaming-underwear-thief-forced-to-walk-around-the-block-wearing-the-bras-he-stole-5021898/,metro.co.uk,unknown,229,1986,10,For,{},,
3UV0D2KX1MR6HCJ14X7USZBCGQMF4E,31VHXET8YS9W77TWAKG7E9LHW92NHC,Fact Checking,"Given a claim and a news headline, label the headline as for/against/observing","news, fact-check",$0.04,Mon Apr 03 08:05:23 PDT 2017,5,BatchId:2750278;OriginalHitTemplateId:926051491;,1200,86400,Mon Apr 03 13:05:23 PDT 2017,,,3DYGAII7PMGSKETN6ZFEVGL7UD1QPT,A36,Submitted,Mon Apr 03 08:08:18 PDT 2017,Mon Apr 03 08:09:17 PDT 2017,Tue Apr 04 08:09:17 PDT 2017,,,,59,0% (0/0),0% (0/0),0% (0/0),A man caught stealing women's underwear was forced to wear it and walk around in public,Public shaming: Underwear thief forced to walk around the block wearing the bras he stole,for,fd361510-9cd3-11e4-bf59-1bb8b99952ce,f44f2ea0-9cd3-11e4-bf59-1bb8b99952ce,http://metro.co.uk/2015/01/14/public-shaming-underwear-thief-forced-to-walk-around-the-block-wearing-the-bras-he-stole-5021898/,metro.co.uk,unknown,229,1986,10,Observing,{},,
3UV0D2KX1MR6HCJ14X7USZBCGQMF4E,31VHXET8YS9W77TWAKG7E9LHW92NHC,Fact Checking,"Given a claim and a news headline, label the headline as for/against/observing","news, fact-check",$0.04,Mon Apr 03 08:05:23 PDT 2017,5,BatchId:2750278;OriginalHitTemplateId:926051491;,1200,86400,Mon Apr 03 13:05:23 PDT 2017,,,3K5TEWLKGWJS8020F3J4S6J3PRLIV3,A109,Submitted,Mon Apr 03 08:08:38 PDT 2017,Mon Apr 03 08:08:47 PDT 2017,Tue Apr 04 08:08:47 PDT 2017,,,,9,0% (0/0),0% (0/0),0% (0/0),A man caught stealing women's underwear was forced to wear it and walk around in public,Public shaming: Underwear thief forced to walk around the block wearing the bras he stole,for,fd361510-9cd3-11e4-bf59-1bb8b99952ce,f44f2ea0-9cd3-11e4-bf59-1bb8b99952ce,http://metro.co.uk/2015/01/14/public-shaming-underwear-thief-forced-to-walk-around-the-block-wearing-the-bras-he-stole-5021898/,metro.co.uk,unknown,229,1986,10,For,{},,
3UV0D2KX1MR6HCJ14X7USZBCGQMF4E,31VHXET8YS9W77TWAKG7E9LHW92NHC,Fact Checking,"Given a claim and a news headline, label the headline as for/against/observing","news, fact-check",$0.04,Mon Apr 03 08:05:23 PDT 2017,5,BatchId:2750278;OriginalHitTemplateId:926051491;,1200,86400,Mon Apr 03 13:05:23 PDT 2017,,,3NKQQ8O39ZDBNAXEIZ8O5N17JF4DU7,A147,Submitted,Mon Apr 03 08:07:27 PDT 2017,Mon Apr 03 08:07:36 PDT 2017,Tue Apr 04 08:07:36 PDT 2017,,,,9,0% (0/0),0% (0/0),0% (0/0),A man caught stealing women's underwear was forced to wear it and walk around in public,Public shaming: Underwear thief forced to walk around the block wearing the bras he stole,for,fd361510-9cd3-11e4-bf59-1bb8b99952ce,f44f2ea0-9cd3-11e4-bf59-1bb8b99952ce,http://metro.co.uk/2015/01/14/public-shaming-underwear-thief-forced-to-walk-around-the-block-wearing-the-bras-he-stole-5021898/,metro.co.uk,unknown,229,1986,10,For,{},,
3UV0D2KX1MR6HCJ14X7USZBCGQMF4E,31VHXET8YS9W77TWAKG7E9LHW92NHC,Fact Checking,"Given a claim and a news headline, label the headline as for/against/observing","news, fact-check",$0.04,Mon Apr 03 08:05:23 PDT 2017,5,BatchId:2750278;OriginalHitTemplateId:926051491;,1200,86400,Mon Apr 03 13:05:23 PDT 2017,,,3NPFYT4IZDC6GY10PUKJVF38QP1GXC,A181,Submitted,Mon Apr 03 08:08:33 PDT 2017,Mon Apr 03 08:08:41 PDT 2017,Tue Apr 04 08:08:41 PDT 2017,,,,8,0% (0/0),0% (0/0),0% (0/0),A man caught stealing women's underwear was forced to wear it and walk around in public,Public shaming: Underwear thief forced to walk around the block wearing the bras he stole,for,fd361510-9cd3-11e4-bf59-1bb8b99952ce,f44f2ea0-9cd3-11e4-bf59-1bb8b99952ce,http://metro.co.uk/2015/01/14/public-shaming-underwear-thief-forced-to-walk-around-the-block-wearing-the-bras-he-stole-5021898/,metro.co.uk,unknown,229,1986,10,For,{},,
39XCQ6V3KYCSU2UQH9N03L4DNNE566,31VHXET8YS9W77TWAKG7E9LHW92NHC,Fact Checking,"Given a claim and a news headline, label the headline as for/against/observing","news, fact-check",$0.04,Mon Apr 03 08:05:23 PDT 2017,5,BatchId:2750278;OriginalHitTemplateId:926051491;,1200,86400,Mon Apr 03 13:05:23 PDT 2017,,,34S6N1K2ZWRPG0FMVHZD5LKMYG4LHU,A181,Submitted,Mon Apr 03 08:08:41 PDT 2017,Mon Apr 03 08:08:52 PDT 2017,Tue Apr 04 08:08:52 PDT 2017,,,,11,0% (0/0),0% (0/0),0% (0/0),A Florida woman got a third breast,"Three-breasted Florida woman Jasmine Tridevil insists third boob is real, but police report shows she once lost prosthesis",observing,fbeb1720-6c02-11e4-b528-9d5aa2d2e8e7,1abbebf0-428e-11e4-9e78-ff09d5b0049d,http://www.nydailynews.com/life-style/florida-woman-breast-hoax-article-1.1949712,www.nydailynews.com,false,224,1946,14,Against|Observing,{},,
39XCQ6V3KYCSU2UQH9N03L4DNNE566,31VHXET8YS9W77TWAKG7E9LHW92NHC,Fact Checking,"Given a claim and a news headline, label the headline as for/against/observing","news, fact-check",$0.04,Mon Apr 03 08:05:23 PDT 2017,5,BatchId:2750278;OriginalHitTemplateId:926051491;,1200,86400,Mon Apr 03 13:05:23 PDT 2017,,,37C0GNLMHGBQLZ7DMHALPHNRGTM6DY,A132,Submitted,Mon Apr 03 08:06:21 PDT 2017,Mon Apr 03 08:06:52 PDT 2017,Tue Apr 04 08:06:52 PDT 2017,,,,31,0% (0/0),0% (0/0),0% (0/0),A Florida woman got a third breast,"Three-breasted Florida woman Jasmine Tridevil insists third boob is real, but police report shows she once lost prosthesis",observing,fbeb1720-6c02-11e4-b528-9d5aa2d2e8e7,1abbebf0-428e-11e4-9e78-ff09d5b0049d,http://www.nydailynews.com/life-style/florida-woman-breast-hoax-article-1.1949712,www.nydailynews.com,false,224,1946,14,Against,{},,
39XCQ6V3KYCSU2UQH9N03L4DNNE566,31VHXET8YS9W77TWAKG7E9LHW92NHC,Fact Checking,"Given a claim and a news headline, label the headline as for/against/observing","news, fact-check",$0.04,Mon Apr 03 08:05:23 PDT 2017,5,BatchId:2750278;OriginalHitTemplateId:926051491;,1200,86400,Mon Apr 03 13:05:23 PDT 2017,,,3EJPLAJKENOTO0C9EZZIG96U4BWZ6Q,A21,Submitted,Mon Apr 03 08:09:03 PDT 2017,Mon Apr 03 08:09:11 PDT 2017,Tue Apr 04 08:09:11 PDT 2017,,,,8,0% (0/0),0% (0/0),0% (0/0),A Florida woman got a third breast,"Three-breasted Florida woman Jasmine Tridevil insists third boob is real, but police report shows she once lost prosthesis",observing,fbeb1720-6c02-11e4-b528-9d5aa2d2e8e7,1abbebf0-428e-11e4-9e78-ff09d5b0049d,http://www.nydailynews.com/life-style/florida-woman-breast-hoax-article-1.1949712,www.nydailynews.com,false,224,1946,14,Against,{},,
39XCQ6V3KYCSU2UQH9N03L4DNNE566,31VHXET8YS9W77TWAKG7E9LHW92NHC,Fact Checking,"Given a claim and a news headline, label the headline as for/against/observing","news, fact-check",$0.04,Mon Apr 03 08:05:23 PDT 2017,5,BatchId:2750278;OriginalHitTemplateId:926051491;,1200,86400,Mon Apr 03 13:05:23 PDT 2017,,,3HWRJOOET6A003JAPPO8W414YUKESL,A26,Submitted,Mon Apr 03 08:08:43 PDT 2017,Mon Apr 03 08:17:31 PDT 2017,Tue Apr 04 08:17:31 PDT 2017,,,,528,0% (0/0),0% (0/0),0% (0/0),A Florida woman got a third breast,"Three-breasted Florida woman Jasmine Tridevil insists third boob is real, but police report shows she once lost prosthesis",observing,fbeb1720-6c02-11e4-b528-9d5aa2d2e8e7,1abbebf0-428e-11e4-9e78-ff09d5b0049d,http://www.nydailynews.com/life-style/florida-woman-breast-hoax-article-1.1949712,www.nydailynews.com,false,224,1946,14,Against,{},,
39XCQ6V3KYCSU2UQH9N03L4DNNE566,31VHXET8YS9W77TWAKG7E9LHW92NHC,Fact Checking,"Given a claim and a news headline, label the headline as for/against/observing","news, fact-check",$0.04,Mon Apr 03 08:05:23 PDT 2017,5,BatchId:2750278;OriginalHitTemplateId:926051491;,1200,86400,Mon Apr 03 13:05:23 PDT 2017,,,3VBEN272ML7YKHF1VKEWW7MGBAZGS4,A109,Submitted,Mon Apr 03 08:08:27 PDT 2017,Mon Apr 03 08:08:37 PDT 2017,Tue Apr 04 08:08:37 PDT 2017,,,,10,0% (0/0),0% (0/0),0% (0/0),A Florida woman got a third breast,"Three-breasted Florida woman Jasmine Tridevil insists third boob is real, but police report shows she once lost prosthesis",observing,fbeb1720-6c02-11e4-b528-9d5aa2d2e8e7,1abbebf0-428e-11e4-9e78-ff09d5b0049d,http://www.nydailynews.com/life-style/florida-woman-breast-hoax-article-1.1949712,www.nydailynews.com,false,224,1946,14,Against,{},,
3XEDXEGFX3W0YATEM7BPW9D47ANK05,31VHXET8YS9W77TWAKG7E9LHW92NHC,Fact Checking,"Given a claim and a news headline, label the headline as for/against/observing","news, fact-check",$0.04,Mon Apr 03 08:05:23 PDT 2017,5,BatchId:2750278;OriginalHitTemplateId:926051491;,1200,86400,Mon Apr 03 13:05:23 PDT 2017,,,30ZX6P7VF93F6KO49BKT221S58HJ28,A26,Submitted,Mon Apr 03 08:08:48 PDT 2017,Mon Apr 03 08:18:55 PDT 2017,Tue Apr 04 08:18:55 PDT 2017,,,,607,0% (0/0),0% (0/0),0% (0/0),Apple will sell 15 million Apple Watches in 2015,Apple Watch predicted to take 55 of the 2015 global smartwatch market with 15.4M units shipped,observing,87e48180-c41e-11e4-883c-a7fa7a3c5066,35687a60-c41e-11e4-883c-a7fa7a3c5066,http://9to5mac.com/2015/03/05/apple-watch-predicted-to-take-55-of-the-2015-global-smartwatch-market-with-15-4m-units-shipped/,9to5mac.com,unknown,235,2030,45,Observing,{},,
3XEDXEGFX3W0YATEM7BPW9D47ANK05,31VHXET8YS9W77TWAKG7E9LHW92NHC,Fact Checking,"Given a claim and a news headline, label the headline as for/against/observing","news, fact-check",$0.04,Mon Apr 03 08:05:23 PDT 2017,5,BatchId:2750278;OriginalHitTemplateId:926051491;,1200,86400,Mon Apr 03 13:05:23 PDT 2017,,,320DUZ38G8U5LEWB8Q5I46VTFRMGJO,A132,Submitted,Mon Apr 03 08:07:54 PDT 2017,Mon Apr 03 08:08:24 PDT 2017,Tue Apr 04 08:08:24 PDT 2017,,,,30,0% (0/0),0% (0/0),0% (0/0),Apple will sell 15 million Apple Watches in 2015,Apple Watch predicted to take 55 of the 2015 global smartwatch market with 15.4M units shipped,observing,87e48180-c41e-11e4-883c-a7fa7a3c5066,35687a60-c41e-11e4-883c-a7fa7a3c5066,http://9to5mac.com/2015/03/05/apple-watch-predicted-to-take-55-of-the-2015-global-smartwatch-market-with-15-4m-units-shipped/,9to5mac.com,unknown,235,2030,45,For,{},,
3XEDXEGFX3W0YATEM7BPW9D47ANK05,31VHXET8YS9W77TWAKG7E9LHW92NHC,Fact Checking,"Given a claim and a news headline, label the headline as for/against/observing","news, fact-check",$0.04,Mon Apr 03 08:05:23 PDT 2017,5,BatchId:2750278;OriginalHitTemplateId:926051491;,1200,86400,Mon Apr 03 13:05:23 PDT 2017,,,3KIBXJ1WD62OOBJREUI2AU48L2DOKI,A181,Submitted,Mon Apr 03 08:09:09 PDT 2017,Mon Apr 03 08:09:22 PDT 2017,Tue Apr 04 08:09:22 PDT 2017,,,,13,0% (0/0),0% (0/0),0% (0/0),Apple will sell 15 million Apple Watches in 2015,Apple Watch predicted to take 55 of the 2015 global smartwatch market with 15.4M units shipped,observing,87e48180-c41e-11e4-883c-a7fa7a3c5066,35687a60-c41e-11e4-883c-a7fa7a3c5066,http://9to5mac.com/2015/03/05/apple-watch-predicted-to-take-55-of-the-2015-global-smartwatch-market-with-15-4m-units-shipped/,9to5mac.com,unknown,235,2030,45,For,{},,
3XEDXEGFX3W0YATEM7BPW9D47ANK05,31VHXET8YS9W77TWAKG7E9LHW92NHC,Fact Checking,"Given a claim and a news headline, label the headline as for/against/observing","news, fact-check",$0.04,Mon Apr 03 08:05:23 PDT 2017,5,BatchId:2750278;OriginalHitTemplateId:926051491;,1200,86400,Mon Apr 03 13:05:23 PDT 2017,,,3X4MXAO0BHWIGO5OV0I9S038JW6RWQ,A205,Submitted,Mon Apr 03 08:09:59 PDT 2017,Mon Apr 03 08:10:23 PDT 2017,Tue Apr 04 08:10:23 PDT 2017,,,,24,0% (0/0),0% (0/0),0% (0/0),Apple will sell 15 million Apple Watches in 2015,Apple Watch predicted to take 55 of the 2015 global smartwatch market with 15.4M units shipped,observing,87e48180-c41e-11e4-883c-a7fa7a3c5066,35687a60-c41e-11e4-883c-a7fa7a3c5066,http://9to5mac.com/2015/03/05/apple-watch-predicted-to-take-55-of-the-2015-global-smartwatch-market-with-15-4m-units-shipped/,9to5mac.com,unknown,235,2030,45,Observing,{},,
3XEDXEGFX3W0YATEM7BPW9D47ANK05,31VHXET8YS9W77TWAKG7E9LHW92NHC,Fact Checking,"Given a claim and a news headline, label the headline as for/against/observing","news, fact-check",$0.04,Mon Apr 03 08:05:23 PDT 2017,5,BatchId:2750278;OriginalHitTemplateId:926051491;,1200,86400,Mon Apr 03 13:05:23 PDT 2017,,,3ZAZR5XV02QI4HLAOQCL29Y40X7ZCI,A109,Submitted,Mon Apr 03 08:09:17 PDT 2017,Mon Apr 03 08:09:27 PDT 2017,Tue Apr 04 08:09:27 PDT 2017,,,,10,0% (0/0),0% (0/0),0% (0/0),Apple will sell 15 million Apple Watches in 2015,Apple Watch predicted to take 55 of the 2015 global smartwatch market with 15.4M units shipped,observing,87e48180-c41e-11e4-883c-a7fa7a3c5066,35687a60-c41e-11e4-883c-a7fa7a3c5066,http://9to5mac.com/2015/03/05/apple-watch-predicted-to-take-55-of-the-2015-global-smartwatch-market-with-15-4m-units-shipped/,9to5mac.com,unknown,235,2030,45,For,{},,
3YD0MU1NC29848KCVFJ9HAKVACZA7G,31VHXET8YS9W77TWAKG7E9LHW92NHC,Fact Checking,"Given a claim and a news headline, label the headline as for/against/observing","news, fact-check",$0.04,Mon Apr 03 08:05:23 PDT 2017,5,BatchId:2750278;OriginalHitTemplateId:926051491;,1200,86400,Mon Apr 03 13:05:23 PDT 2017,,,32M8BPYGAUU9Q3C5Q8KIS5GT2CXGIC,A109,Submitted,Mon Apr 03 08:07:54 PDT 2017,Mon Apr 03 08:08:00 PDT 2017,Tue Apr 04 08:08:00 PDT 2017,,,,6,0% (0/0),0% (0/0),0% (0/0),Vogue magazine's new offices are infested with rats,It's Okay To Laugh About The Fact That The Vogue Rat Infestation is Getting Worse,for,36137950-75af-11e4-99be-fb3662a4a6dd,ddf83570-71b8-11e4-8a5e-4baa407ee462,http://www.thegloss.com/2014/11/26/fashion/anna-wintour-vogue-rat-infestation/,www.thegloss.com,unknown,233,2024,617,For,{},,
3YD0MU1NC29848KCVFJ9HAKVACZA7G,31VHXET8YS9W77TWAKG7E9LHW92NHC,Fact Checking,"Given a claim and a news headline, label the headline as for/against/observing","news, fact-check",$0.04,Mon Apr 03 08:05:23 PDT 2017,5,BatchId:2750278;OriginalHitTemplateId:926051491;,1200,86400,Mon Apr 03 13:05:23 PDT 2017,,,35USIKEBNSOZ7BYQBBOOLMZLUXON6X,A169,Submitted,Mon Apr 03 08:11:10 PDT 2017,Mon Apr 03 08:11:32 PDT 2017,Tue Apr 04 08:11:32 PDT 2017,,,,22,0% (0/0),0% (0/0),0% (0/0),Vogue magazine's new offices are infested with rats,It's Okay To Laugh About The Fact That The Vogue Rat Infestation is Getting Worse,for,36137950-75af-11e4-99be-fb3662a4a6dd,ddf83570-71b8-11e4-8a5e-4baa407ee462,http://www.thegloss.com/2014/11/26/fashion/anna-wintour-vogue-rat-infestation/,www.thegloss.com,unknown,233,2024,617,For,{},,
3YD0MU1NC29848KCVFJ9HAKVACZA7G,31VHXET8YS9W77TWAKG7E9LHW92NHC,Fact Checking,"Given a claim and a news headline, label the headline as for/against/observing","news, fact-check",$0.04,Mon Apr 03 08:05:23 PDT 2017,5,BatchId:2750278;OriginalHitTemplateId:926051491;,1200,86400,Mon Apr 03 13:05:23 PDT 2017,,,3DL65MZB8ENKTMUES3Y8HZXMCRYCEP,A181,Submitted,Mon Apr 03 08:08:19 PDT 2017,Mon Apr 03 08:08:26 PDT 2017,Tue Apr 04 08:08:26 PDT 2017,,,,7,0% (0/0),0% (0/0),0% (0/0),Vogue magazine's new offices are infested with rats,It's Okay To Laugh About The Fact That The Vogue Rat Infestation is Getting Worse,for,36137950-75af-11e4-99be-fb3662a4a6dd,ddf83570-71b8-11e4-8a5e-4baa407ee462,http://www.thegloss.com/2014/11/26/fashion/anna-wintour-vogue-rat-infestation/,www.thegloss.com,unknown,233,2024,617,For,{},,
3YD0MU1NC29848KCVFJ9HAKVACZA7G,31VHXET8YS9W77TWAKG7E9LHW92NHC,Fact Checking,"Given a claim and a news headline, label the headline as for/against/observing","news, fact-check",$0.04,Mon Apr 03 08:05:23 PDT 2017,5,BatchId:2750278;OriginalHitTemplateId:926051491;,1200,86400,Mon Apr 03 13:05:23 PDT 2017,,,3GS6S824SR5X1QDW2T1SJGYYIZHWN7,A21,Submitted,Mon Apr 03 08:09:12 PDT 2017,Mon Apr 03 08:09:25 PDT 2017,Tue Apr 04 08:09:25 PDT 2017,,,,13,0% (0/0),0% (0/0),0% (0/0),Vogue magazine's new offices are infested with rats,It's Okay To Laugh About The Fact That The Vogue Rat Infestation is Getting Worse,for,36137950-75af-11e4-99be-fb3662a4a6dd,ddf83570-71b8-11e4-8a5e-4baa407ee462,http://www.thegloss.com/2014/11/26/fashion/anna-wintour-vogue-rat-infestation/,www.thegloss.com,unknown,233,2024,617,For,{},,
3YD0MU1NC29848KCVFJ9HAKVACZA7G,31VHXET8YS9W77TWAKG7E9LHW92NHC,Fact Checking,"Given a claim and a news headline, label the headline as for/against/observing","news, fact-check",$0.04,Mon Apr 03 08:05:23 PDT 2017,5,BatchId:2750278;OriginalHitTemplateId:926051491;,1200,86400,Mon Apr 03 13:05:23 PDT 2017,,,3TE3O85731GW487HHGT24TNJFPBR28,A26,Submitted,Mon Apr 03 08:08:51 PDT 2017,Mon Apr 03 08:19:41 PDT 2017,Tue Apr 04 08:19:41 PDT 2017,,,,650,0% (0/0),0% (0/0),0% (0/0),Vogue magazine's new offices are infested with rats,It's Okay To Laugh About The Fact That The Vogue Rat Infestation is Getting Worse,for,36137950-75af-11e4-99be-fb3662a4a6dd,ddf83570-71b8-11e4-8a5e-4baa407ee462,http://www.thegloss.com/2014/11/26/fashion/anna-wintour-vogue-rat-infestation/,www.thegloss.com,unknown,233,2024,617,For|Observing,{},,
3GITHABACYT82QHVY77J7PNNY3C2NC,31VHXET8YS9W77TWAKG7E9LHW92NHC,Fact Checking,"Given a claim and a news headline, label the headline as for/against/observing","news, fact-check",$0.04,Mon Apr 03 08:05:23 PDT 2017,5,BatchId:2750278;OriginalHitTemplateId:926051491;,1200,86400,Mon Apr 03 13:05:23 PDT 2017,,,3E1QT0TDFQHUXO6N7A8U0SZVETKI8Y,A93,Submitted,Mon Apr 03 08:08:46 PDT 2017,Mon Apr 03 08:09:17 PDT 2017,Tue Apr 04 08:09:17 PDT 2017,,,,31,0% (0/0),0% (0/0),0% (0/0),"Jess Smith of Chatham, Kent was the smiling sun baby in the Teletubbies TV show",Meet The College Student Who Claims She Was The Teletubbies Sun Baby,observing,35e07a50-8b17-11e4-9799-c7e75be2bcad,d596b220-8b13-11e4-9799-c7e75be2bcad,http://uproxx.com/tv/2014/12/meet-the-college-student-who-claims-she-was-the-teletubbies-sun-baby/,uproxx.com,unknown,218,1872,100,For|Observing,{},,
3GITHABACYT82QHVY77J7PNNY3C2NC,31VHXET8YS9W77TWAKG7E9LHW92NHC,Fact Checking,"Given a claim and a news headline, label the headline as for/against/observing","news, fact-check",$0.04,Mon Apr 03 08:05:23 PDT 2017,5,BatchId:2750278;OriginalHitTemplateId:926051491;,1200,86400,Mon Apr 03 13:05:23 PDT 2017,,,3EF8EXOTT238HZ68Q7KFXJRND23J1R,A109,Submitted,Mon Apr 03 08:08:48 PDT 2017,Mon Apr 03 08:08:57 PDT 2017,Tue Apr 04 08:08:57 PDT 2017,,,,9,0% (0/0),0% (0/0),0% (0/0),"Jess Smith of Chatham, Kent was the smiling sun baby in the Teletubbies TV show",Meet The College Student Who Claims She Was The Teletubbies Sun Baby,observing,35e07a50-8b17-11e4-9799-c7e75be2bcad,d596b220-8b13-11e4-9799-c7e75be2bcad,http://uproxx.com/tv/2014/12/meet-the-college-student-who-claims-she-was-the-teletubbies-sun-baby/,uproxx.com,unknown,218,1872,100,Observing,{},,
3GITHABACYT82QHVY77J7PNNY3C2NC,31VHXET8YS9W77TWAKG7E9LHW92NHC,Fact Checking,"Given a claim and a news headline, label the headline as for/against/observing","news, fact-check",$0.04,Mon Apr 03 08:05:23 PDT 2017,5,BatchId:2750278;OriginalHitTemplateId:926051491;,1200,86400,Mon Apr 03 13:05:23 PDT 2017,,,3G0WWMR1UWSSHTHAQK2MRRGCUY0NQU,A181,Submitted,Mon Apr 03 08:07:57 PDT 2017,Mon Apr 03 08:08:11 PDT 2017,Tue Apr 04 08:08:11 PDT 2017,,,,14,0% (0/0),0% (0/0),0% (0/0),"Jess Smith of Chatham, Kent was the smiling sun baby in the Teletubbies TV show",Meet The College Student Who Claims She Was The Teletubbies Sun Baby,observing,35e07a50-8b17-11e4-9799-c7e75be2bcad,d596b220-8b13-11e4-9799-c7e75be2bcad,http://uproxx.com/tv/2014/12/meet-the-college-student-who-claims-she-was-the-teletubbies-sun-baby/,uproxx.com,unknown,218,1872,100,Observing,{},,
3GITHABACYT82QHVY77J7PNNY3C2NC,31VHXET8YS9W77TWAKG7E9LHW92NHC,Fact Checking,"Given a claim and a news headline, label the headline as for/against/observing","news, fact-check",$0.04,Mon Apr 03 08:05:23 PDT 2017,5,BatchId:2750278;OriginalHitTemplateId:926051491;,1200,86400,Mon Apr 03 13:05:23 PDT 2017,,,3SPJ033422B575HB2WROB62XKNCJYP,A21,Submitted,Mon Apr 03 08:10:33 PDT 2017,Mon Apr 03 08:10:46 PDT 2017,Tue Apr 04 08:10:46 PDT 2017,,,,13,0% (0/0),0% (0/0),0% (0/0),"Jess Smith of Chatham, Kent was the smiling sun baby in the Teletubbies TV show",Meet The College Student Who Claims She Was The Teletubbies Sun Baby,observing,35e07a50-8b17-11e4-9799-c7e75be2bcad,d596b220-8b13-11e4-9799-c7e75be2bcad,http://uproxx.com/tv/2014/12/meet-the-college-student-who-claims-she-was-the-teletubbies-sun-baby/,uproxx.com,unknown,218,1872,100,For,{},,
3GITHABACYT82QHVY77J7PNNY3C2NC,31VHXET8YS9W77TWAKG7E9LHW92NHC,Fact Checking,"Given a claim and a news headline, label the headline as for/against/observing","news, fact-check",$0.04,Mon Apr 03 08:05:23 PDT 2017,5,BatchId:2750278;OriginalHitTemplateId:926051491;,1200,86400,Mon Apr 03 13:05:23 PDT 2017,,,3VP0C6EFSH4TPTDQZA9O87ALP7E6MG,A132,Submitted,Mon Apr 03 08:07:08 PDT 2017,Mon Apr 03 08:07:20 PDT 2017,Tue Apr 04 08:07:20 PDT 2017,,,,12,0% (0/0),0% (0/0),0% (0/0),"Jess Smith of Chatham, Kent was the smiling sun baby in the Teletubbies TV show",Meet The College Student Who Claims She Was The Teletubbies Sun Baby,observing,35e07a50-8b17-11e4-9799-c7e75be2bcad,d596b220-8b13-11e4-9799-c7e75be2bcad,http://uproxx.com/tv/2014/12/meet-the-college-student-who-claims-she-was-the-teletubbies-sun-baby/,uproxx.com,unknown,218,1872,100,For,{},,
37SDSEDIN9AGAYCV91IMK9NNH2Z81D,31VHXET8YS9W77TWAKG7E9LHW92NHC,Fact Checking,"Given a claim and a news headline, label the headline as for/against/observing","news, fact-check",$0.04,Mon Apr 03 08:05:23 PDT 2017,5,BatchId:2750278;OriginalHitTemplateId:926051491;,1200,86400,Mon Apr 03 13:05:23 PDT 2017,,,39PAAFCODN8IHEIB9FI86DLC080VTW,A132,Submitted,Mon Apr 03 08:07:34 PDT 2017,Mon Apr 03 08:07:45 PDT 2017,Tue Apr 04 08:07:45 PDT 2017,,,,11,0% (0/0),0% (0/0),0% (0/0),A tropical spider burrowed under a man's skin,Spider burrowed through tourist's stomach and up into his chest,for,8c695540-5660-11e4-aaf5-a1ddcfbcd5a9,557a5250-565b-11e4-aaf5-a1ddcfbcd5a9,http://www.independent.co.uk/news/world/australasia/spider-burrowed-through-tourists-stomach-and-up-into-his-chest-9799584.html,www.independent.co.uk,unknown,210,1800,25,For,{},,
37SDSEDIN9AGAYCV91IMK9NNH2Z81D,31VHXET8YS9W77TWAKG7E9LHW92NHC,Fact Checking,"Given a claim and a news headline, label the headline as for/against/observing","news, fact-check",$0.04,Mon Apr 03 08:05:23 PDT 2017,5,BatchId:2750278;OriginalHitTemplateId:926051491;,1200,86400,Mon Apr 03 13:05:23 PDT 2017,,,3D8YOU6S9FSC21IZ8C0AZHRF2TH6U8,A147,Submitted,Mon Apr 03 08:07:39 PDT 2017,Mon Apr 03 08:08:05 PDT 2017,Tue Apr 04 08:08:05 PDT 2017,,,,26,0% (0/0),0% (0/0),0% (0/0),A tropical spider burrowed under a man's skin,Spider burrowed through tourist's stomach and up into his chest,for,8c695540-5660-11e4-aaf5-a1ddcfbcd5a9,557a5250-565b-11e4-aaf5-a1ddcfbcd5a9,http://www.independent.co.uk/news/world/australasia/spider-burrowed-through-tourists-stomach-and-up-into-his-chest-9799584.html,www.independent.co.uk,unknown,210,1800,25,Observing,{},,
37SDSEDIN9AGAYCV91IMK9NNH2Z81D,31VHXET8YS9W77TWAKG7E9LHW92NHC,Fact Checking,"Given a claim and a news headline, label the headline as for/against/observing","news, fact-check",$0.04,Mon Apr 03 08:05:23 PDT 2017,5,BatchId:2750278;OriginalHitTemplateId:926051491;,1200,86400,Mon Apr 03 13:05:23 PDT 2017,,,3ERET4BTVNHLHOFLC5ZKD49JQ3R9KP,A109,Submitted,Mon Apr 03 08:08:11 PDT 2017,Mon Apr 03 08:08:18 PDT 2017,Tue Apr 04 08:08:18 PDT 2017,,,,7,0% (0/0),0% (0/0),0% (0/0),A tropical spider burrowed under a man's skin,Spider burrowed through tourist's stomach and up into his chest,for,8c695540-5660-11e4-aaf5-a1ddcfbcd5a9,557a5250-565b-11e4-aaf5-a1ddcfbcd5a9,http://www.independent.co.uk/news/world/australasia/spider-burrowed-through-tourists-stomach-and-up-into-his-chest-9799584.html,www.independent.co.uk,unknown,210,1800,25,For,{},,
37SDSEDIN9AGAYCV91IMK9NNH2Z81D,31VHXET8YS9W77TWAKG7E9LHW92NHC,Fact Checking,"Given a claim and a news headline, label the headline as for/against/observing","news, fact-check",$0.04,Mon Apr 03 08:05:23 PDT 2017,5,BatchId:2750278;OriginalHitTemplateId:926051491;,1200,86400,Mon Apr 03 13:05:23 PDT 2017,,,3MTMREQS4WQQH7J7TPWNXAEYJSIWAN,A169,Submitted,Mon Apr 03 08:08:52 PDT 2017,Mon Apr 03 08:09:42 PDT 2017,Tue Apr 04 08:09:42 PDT 2017,,,,50,0% (0/0),0% (0/0),0% (0/0),A tropical spider burrowed under a man's skin,Spider burrowed through tourist's stomach and up into his chest,for,8c695540-5660-11e4-aaf5-a1ddcfbcd5a9,557a5250-565b-11e4-aaf5-a1ddcfbcd5a9,http://www.independent.co.uk/news/world/australasia/spider-burrowed-through-tourists-stomach-and-up-into-his-chest-9799584.html,www.independent.co.uk,unknown,210,1800,25,For,{},,
37SDSEDIN9AGAYCV91IMK9NNH2Z81D,31VHXET8YS9W77TWAKG7E9LHW92NHC,Fact Checking,"Given a claim and a news headline, label the headline as for/against/observing","news, fact-check",$0.04,Mon Apr 03 08:05:23 PDT 2017,5,BatchId:2750278;OriginalHitTemplateId:926051491;,1200,86400,Mon Apr 03 13:05:23 PDT 2017,,,3X1FV8S5JYZEC9W5PFJ17U6NAESVGN,A21,Submitted,Mon Apr 03 08:06:56 PDT 2017,Mon Apr 03 08:07:18 PDT 2017,Tue Apr 04 08:07:18 PDT 2017,,,,22,0% (0/0),0% (0/0),0% (0/0),A tropical spider burrowed under a man's skin,Spider burrowed through tourist's stomach and up into his chest,for,8c695540-5660-11e4-aaf5-a1ddcfbcd5a9,557a5250-565b-11e4-aaf5-a1ddcfbcd5a9,http://www.independent.co.uk/news/world/australasia/spider-burrowed-through-tourists-stomach-and-up-into-his-chest-9799584.html,www.independent.co.uk,unknown,210,1800,25,For,{},,
3UQVX1UPFSP5HUPOX15LWDRAQA102Z,31VHXET8YS9W77TWAKG7E9LHW92NHC,Fact Checking,"Given a claim and a news headline, label the headline as for/against/observing","news, fact-check",$0.04,Mon Apr 03 08:05:23 PDT 2017,5,BatchId:2750278;OriginalHitTemplateId:926051491;,1200,86400,Mon Apr 03 13:05:23 PDT 2017,,,31IBVUNM9T78Y90AEVDJP96B9ZTFV9,A181,Submitted,Mon Apr 03 08:07:15 PDT 2017,Mon Apr 03 08:07:37 PDT 2017,Tue Apr 04 08:07:37 PDT 2017,,,,22,0% (0/0),0% (0/0),0% (0/0),Vogue magazine's new offices are infested with rats,Rats are still running around at Vogue,for,dc8ce080-b2f1-11e4-9a23-0b6010caa867,ddf83570-71b8-11e4-8a5e-4baa407ee462,http://pagesix.com/2015/02/11/theres-still-a-rat-problem-at-vogues-new-wtc-offices/,pagesix.com,unknown,233,2012,182,For,{},,
3UQVX1UPFSP5HUPOX15LWDRAQA102Z,31VHXET8YS9W77TWAKG7E9LHW92NHC,Fact Checking,"Given a claim and a news headline, label the headline as for/against/observing","news, fact-check",$0.04,Mon Apr 03 08:05:23 PDT 2017,5,BatchId:2750278;OriginalHitTemplateId:926051491;,1200,86400,Mon Apr 03 13:05:23 PDT 2017,,,333U7HK6IAN29UMK604AYLSW2Z6DJB,A109,Submitted,Mon Apr 03 08:06:39 PDT 2017,Mon Apr 03 08:06:47 PDT 2017,Tue Apr 04 08:06:47 PDT 2017,,,,8,0% (0/0),0% (0/0),0% (0/0),Vogue magazine's new offices are infested with rats,Rats are still running around at Vogue,for,dc8ce080-b2f1-11e4-9a23-0b6010caa867,ddf83570-71b8-11e4-8a5e-4baa407ee462,http://pagesix.com/2015/02/11/theres-still-a-rat-problem-at-vogues-new-wtc-offices/,pagesix.com,unknown,233,2012,182,For,{},,
3UQVX1UPFSP5HUPOX15LWDRAQA102Z,31VHXET8YS9W77TWAKG7E9LHW92NHC,Fact Checking,"Given a claim and a news headline, label the headline as for/against/observing","news, fact-check",$0.04,Mon Apr 03 08:05:23 PDT 2017,5,BatchId:2750278;OriginalHitTemplateId:926051491;,1200,86400,Mon Apr 03 13:05:23 PDT 2017,,,3I3WADAZ9RCL6SYO77EW85LQOCIO5X,A26,Submitted,Mon Apr 03 08:08:47 PDT 2017,Mon Apr 03 08:18:42 PDT 2017,Tue Apr 04 08:18:42 PDT 2017,,,,595,0% (0/0),0% (0/0),0% (0/0),Vogue magazine's new offices are infested with rats,Rats are still running around at Vogue,for,dc8ce080-b2f1-11e4-9a23-0b6010caa867,ddf83570-71b8-11e4-8a5e-4baa407ee462,http://pagesix.com/2015/02/11/theres-still-a-rat-problem-at-vogues-new-wtc-offices/,pagesix.com,unknown,233,2012,182,For|Observing,{},,
3UQVX1UPFSP5HUPOX15LWDRAQA102Z,31VHXET8YS9W77TWAKG7E9LHW92NHC,Fact Checking,"Given a claim and a news headline, label the headline as for/against/observing","news, fact-check",$0.04,Mon Apr 03 08:05:23 PDT 2017,5,BatchId:2750278;OriginalHitTemplateId:926051491;,1200,86400,Mon Apr 03 13:05:23 PDT 2017,,,3YW4XOSQKRTHVFH226OT4L0YUI21U6,A79,Submitted,Mon Apr 03 08:09:48 PDT 2017,Mon Apr 03 08:10:00 PDT 2017,Tue Apr 04 08:10:00 PDT 2017,,,,12,0% (0/0),0% (0/0),0% (0/0),Vogue magazine's new offices are infested with rats,Rats are still running around at Vogue,for,dc8ce080-b2f1-11e4-9a23-0b6010caa867,ddf83570-71b8-11e4-8a5e-4baa407ee462,http://pagesix.com/2015/02/11/theres-still-a-rat-problem-at-vogues-new-wtc-offices/,pagesix.com,unknown,233,2012,182,For,{},,
3UQVX1UPFSP5HUPOX15LWDRAQA102Z,31VHXET8YS9W77TWAKG7E9LHW92NHC,Fact Checking,"Given a claim and a news headline, label the headline as for/against/observing","news, fact-check",$0.04,Mon Apr 03 08:05:23 PDT 2017,5,BatchId:2750278;OriginalHitTemplateId:926051491;,1200,86400,Mon Apr 03 13:05:23 PDT 2017,,,3ZSY5X72NYJABFWM4ERZB6QMGU7ROE,A21,Submitted,Mon Apr 03 08:09:41 PDT 2017,Mon Apr 03 08:09:47 PDT 2017,Tue Apr 04 08:09:47 PDT 2017,,,,6,0% (0/0),0% (0/0),0% (0/0),Vogue magazine's new offices are infested with rats,Rats are still running around at Vogue,for,dc8ce080-b2f1-11e4-9a23-0b6010caa867,ddf83570-71b8-11e4-8a5e-4baa407ee462,http://pagesix.com/2015/02/11/theres-still-a-rat-problem-at-vogues-new-wtc-offices/,pagesix.com,unknown,233,2012,182,For,{},,
30Z7M1Q8UYSC4MPV5KBFVAGQLW5A83,31VHXET8YS9W77TWAKG7E9LHW92NHC,Fact Checking,"Given a claim and a news headline, label the headline as for/against/observing","news, fact-check",$0.04,Mon Apr 03 08:05:23 PDT 2017,5,BatchId:2750278;OriginalHitTemplateId:926051491;,1200,86400,Mon Apr 03 13:05:23 PDT 2017,,,308XBLVESJCQSL7D09MD5MQN9VOBRU,A147,Submitted,Mon Apr 03 08:07:08 PDT 2017,Mon Apr 03 08:07:19 PDT 2017,Tue Apr 04 08:07:19 PDT 2017,,,,11,0% (0/0),0% (0/0),0% (0/0),Taylor Lianne Chandler had a romantic relaitonship with Olympic swimmer Michael Phelps,Taylor Lianne Chandler: Michael Phelps Cougar Girlfriend Revealed?,observing,0d387820-70df-11e4-8e10-b9c720c188ba,ac993260-70da-11e4-8e10-b9c720c188ba,http://www.thehollywoodgossip.com/2014/10/taylor-lianne-chandler-michael-phelps-cougar-girlfriend-revealed/?utm_source=skimlinks.com&utm_medium=referral&utm_campaign=skimlinks.com,www.thehollywoodgossip.com,unknown,216,1861,427,For,{},,
30Z7M1Q8UYSC4MPV5KBFVAGQLW5A83,31VHXET8YS9W77TWAKG7E9LHW92NHC,Fact Checking,"Given a claim and a news headline, label the headline as for/against/observing","news, fact-check",$0.04,Mon Apr 03 08:05:23 PDT 2017,5,BatchId:2750278;OriginalHitTemplateId:926051491;,1200,86400,Mon Apr 03 13:05:23 PDT 2017,,,33FOTY3KENTL9L02GF3TAFESNIU1CV,A169,Submitted,Mon Apr 03 08:07:37 PDT 2017,Mon Apr 03 08:08:51 PDT 2017,Tue Apr 04 08:08:51 PDT 2017,,,,74,0% (0/0),0% (0/0),0% (0/0),Taylor Lianne Chandler had a romantic relaitonship with Olympic swimmer Michael Phelps,Taylor Lianne Chandler: Michael Phelps Cougar Girlfriend Revealed?,observing,0d387820-70df-11e4-8e10-b9c720c188ba,ac993260-70da-11e4-8e10-b9c720c188ba,http://www.thehollywoodgossip.com/2014/10/taylor-lianne-chandler-michael-phelps-cougar-girlfriend-revealed/?utm_source=skimlinks.com&utm_medium=referral&utm_campaign=skimlinks.com,www.thehollywoodgossip.com,unknown,216,1861,427,Observing,{},,
30Z7M1Q8UYSC4MPV5KBFVAGQLW5A83,31VHXET8YS9W77TWAKG7E9LHW92NHC,Fact Checking,"Given a claim and a news headline, label the headline as for/against/observing","news, fact-check",$0.04,Mon Apr 03 08:05:23 PDT 2017,5,BatchId:2750278;OriginalHitTemplateId:926051491;,1200,86400,Mon Apr 03 13:05:23 PDT 2017,,,3DUZQ9U6SNWH2E5WKFDIW8PQYPMVS7,A181,Submitted,Mon Apr 03 08:07:40 PDT 2017,Mon Apr 03 08:07:56 PDT 2017,Tue Apr 04 08:07:56 PDT 2017,,,,16,0% (0/0),0% (0/0),0% (0/0),Taylor Lianne Chandler had a romantic relaitonship with Olympic swimmer Michael Phelps,Taylor Lianne Chandler: Michael Phelps Cougar Girlfriend Revealed?,observing,0d387820-70df-11e4-8e10-b9c720c188ba,ac993260-70da-11e4-8e10-b9c720c188ba,http://www.thehollywoodgossip.com/2014/10/taylor-lianne-chandler-michael-phelps-cougar-girlfriend-revealed/?utm_source=skimlinks.com&utm_medium=referral&utm_campaign=skimlinks.com,www.thehollywoodgossip.com,unknown,216,1861,427,Observing,{},,
30Z7M1Q8UYSC4MPV5KBFVAGQLW5A83,31VHXET8YS9W77TWAKG7E9LHW92NHC,Fact Checking,"Given a claim and a news headline, label the headline as for/against/observing","news, fact-check",$0.04,Mon Apr 03 08:05:23 PDT 2017,5,BatchId:2750278;OriginalHitTemplateId:926051491;,1200,86400,Mon Apr 03 13:05:23 PDT 2017,,,3I0BTBYZAYTY5ZGPGOHIT1N1LE60YZ,A109,Submitted,Mon Apr 03 08:06:47 PDT 2017,Mon Apr 03 08:06:57 PDT 2017,Tue Apr 04 08:06:57 PDT 2017,,,,10,0% (0/0),0% (0/0),0% (0/0),Taylor Lianne Chandler had a romantic relaitonship with Olympic swimmer Michael Phelps,Taylor Lianne Chandler: Michael Phelps Cougar Girlfriend Revealed?,observing,0d387820-70df-11e4-8e10-b9c720c188ba,ac993260-70da-11e4-8e10-b9c720c188ba,http://www.thehollywoodgossip.com/2014/10/taylor-lianne-chandler-michael-phelps-cougar-girlfriend-revealed/?utm_source=skimlinks.com&utm_medium=referral&utm_campaign=skimlinks.com,www.thehollywoodgossip.com,unknown,216,1861,427,Observing,{},,
30Z7M1Q8UYSC4MPV5KBFVAGQLW5A83,31VHXET8YS9W77TWAKG7E9LHW92NHC,Fact Checking,"Given a claim and a news headline, label the headline as for/against/observing","news, fact-check",$0.04,Mon Apr 03 08:05:23 PDT 2017,5,BatchId:2750278;OriginalHitTemplateId:926051491;,1200,86400,Mon Apr 03 13:05:23 PDT 2017,,,3MD9PLUKKJM1VLI1DGLZIKSGZ1LNZO,A132,Submitted,Mon Apr 03 08:08:25 PDT 2017,Mon Apr 03 08:08:42 PDT 2017,Tue Apr 04 08:08:42 PDT 2017,,,,17,0% (0/0),0% (0/0),0% (0/0),Taylor Lianne Chandler had a romantic relaitonship with Olympic swimmer Michael Phelps,Taylor Lianne Chandler: Michael Phelps Cougar Girlfriend Revealed?,observing,0d387820-70df-11e4-8e10-b9c720c188ba,ac993260-70da-11e4-8e10-b9c720c188ba,http://www.thehollywoodgossip.com/2014/10/taylor-lianne-chandler-michael-phelps-cougar-girlfriend-revealed/?utm_source=skimlinks.com&utm_medium=referral&utm_campaign=skimlinks.com,www.thehollywoodgossip.com,unknown,216,1861,427,Observing,{},,
3DZKABX2ZIDY8DI6XRIGTJQMWXRCVC,31VHXET8YS9W77TWAKG7E9LHW92NHC,Fact Checking,"Given a claim and a news headline, label the headline as for/against/observing","news, fact-check",$0.04,Mon Apr 03 08:05:23 PDT 2017,5,BatchId:2750278;OriginalHitTemplateId:926051491;,1200,86400,Mon Apr 03 13:05:23 PDT 2017,,,304SM51WA4C2T07QFYMIVWVJVX7BSI,A109,Submitted,Mon Apr 03 08:07:13 PDT 2017,Mon Apr 03 08:07:22 PDT 2017,Tue Apr 04 08:07:22 PDT 2017,,,,9,0% (0/0),0% (0/0),0% (0/0),Vogue magazine's new offices are infested with rats,Eye-catching Rare sighting of Anna Wintour without her trademark sunglasses as she leaves rat-infested Vogue office,observing,471f73e0-83f4-11e4-b1b5-4f1bd36cbfc6,ddf83570-71b8-11e4-8a5e-4baa407ee462,http://www.dailymail.co.uk/tvshowbiz/article-2872792/Rare-sighting-Anna-Wintour-without-trademark-sunglasses-leaves-rat-infested-Vogue-office.html,www.dailymail.co.uk,unknown,233,2017,4,For,{},,
3DZKABX2ZIDY8DI6XRIGTJQMWXRCVC,31VHXET8YS9W77TWAKG7E9LHW92NHC,Fact Checking,"Given a claim and a news headline, label the headline as for/against/observing","news, fact-check",$0.04,Mon Apr 03 08:05:23 PDT 2017,5,BatchId:2750278;OriginalHitTemplateId:926051491;,1200,86400,Mon Apr 03 13:05:23 PDT 2017,,,3QFUFYSY9ZN94WHVUZCWGJ6YWFWF4X,A93,Submitted,Mon Apr 03 08:09:17 PDT 2017,Mon Apr 03 08:21:31 PDT 2017,Tue Apr 04 08:21:31 PDT 2017,,,,734,0% (0/0),0% (0/0),0% (0/0),Vogue magazine's new offices are infested with rats,Eye-catching Rare sighting of Anna Wintour without her trademark sunglasses as she leaves rat-infested Vogue office,observing,471f73e0-83f4-11e4-b1b5-4f1bd36cbfc6,ddf83570-71b8-11e4-8a5e-4baa407ee462,http://www.dailymail.co.uk/tvshowbiz/article-2872792/Rare-sighting-Anna-Wintour-without-trademark-sunglasses-leaves-rat-infested-Vogue-office.html,www.dailymail.co.uk,unknown,233,2017,4,For,{},,
3DZKABX2ZIDY8DI6XRIGTJQMWXRCVC,31VHXET8YS9W77TWAKG7E9LHW92NHC,Fact Checking,"Given a claim and a news headline, label the headline as for/against/observing","news, fact-check",$0.04,Mon Apr 03 08:05:23 PDT 2017,5,BatchId:2750278;OriginalHitTemplateId:926051491;,1200,86400,Mon Apr 03 13:05:23 PDT 2017,,,3WQQ9FUS6B2KAGSH10GDE5VIJ30B8I,A21,Submitted,Mon Apr 03 08:06:19 PDT 2017,Mon Apr 03 08:06:56 PDT 2017,Tue Apr 04 08:06:56 PDT 2017,,,,37,0% (0/0),0% (0/0),0% (0/0),Vogue magazine's new offices are infested with rats,Eye-catching Rare sighting of Anna Wintour without her trademark sunglasses as she leaves rat-infested Vogue office,observing,471f73e0-83f4-11e4-b1b5-4f1bd36cbfc6,ddf83570-71b8-11e4-8a5e-4baa407ee462,http://www.dailymail.co.uk/tvshowbiz/article-2872792/Rare-sighting-Anna-Wintour-without-trademark-sunglasses-leaves-rat-infested-Vogue-office.html,www.dailymail.co.uk,unknown,233,2017,4,Observing,{},,
3DZKABX2ZIDY8DI6XRIGTJQMWXRCVC,31VHXET8YS9W77TWAKG7E9LHW92NHC,Fact Checking,"Given a claim and a news headline, label the headline as for/against/observing","news, fact-check",$0.04,Mon Apr 03 08:05:23 PDT 2017,5,BatchId:2750278;OriginalHitTemplateId:926051491;,1200,86400,Mon Apr 03 13:05:23 PDT 2017,,,3Y4W8Q93L0SB0PMENPIT193QXMCVDD,A65,Submitted,Mon Apr 03 08:07:07 PDT 2017,Mon Apr 03 08:08:21 PDT 2017,Tue Apr 04 08:08:21 PDT 2017,,,,74,0% (0/0),0% (0/0),0% (0/0),Vogue magazine's new offices are infested with rats,Eye-catching Rare sighting of Anna Wintour without her trademark sunglasses as she leaves rat-infested Vogue office,observing,471f73e0-83f4-11e4-b1b5-4f1bd36cbfc6,ddf83570-71b8-11e4-8a5e-4baa407ee462,http://www.dailymail.co.uk/tvshowbiz/article-2872792/Rare-sighting-Anna-Wintour-without-trademark-sunglasses-leaves-rat-infested-Vogue-office.html,www.dailymail.co.uk,unknown,233,2017,4,Observing,{},,
3DZKABX2ZIDY8DI6XRIGTJQMWXRCVC,31VHXET8YS9W77TWAKG7E9LHW92NHC,Fact Checking,"Given a claim and a news headline, label the headline as for/against/observing","news, fact-check",$0.04,Mon Apr 03 08:05:23 PDT 2017,5,BatchId:2750278;OriginalHitTemplateId:926051491;,1200,86400,Mon Apr 03 13:05:23 PDT 2017,,,3Y4W8Q93L0SB0PMENPIT193QXMDDVW,A132,Submitted,Mon Apr 03 08:07:20 PDT 2017,Mon Apr 03 08:07:31 PDT 2017,Tue Apr 04 08:07:31 PDT 2017,,,,11,0% (0/0),0% (0/0),0% (0/0),Vogue magazine's new offices are infested with rats,Eye-catching Rare sighting of Anna Wintour without her trademark sunglasses as she leaves rat-infested Vogue office,observing,471f73e0-83f4-11e4-b1b5-4f1bd36cbfc6,ddf83570-71b8-11e4-8a5e-4baa407ee462,http://www.dailymail.co.uk/tvshowbiz/article-2872792/Rare-sighting-Anna-Wintour-without-trademark-sunglasses-leaves-rat-infested-Vogue-office.html,www.dailymail.co.uk,unknown,233,2017,4,For,{},,
3W0XM68YZP305ZEWIQFPAEWEC2TK18,31VHXET8YS9W77TWAKG7E9LHW92NHC,Fact Checking,"Given a claim and a news headline, label the headline as for/against/observing","news, fact-check",$0.04,Mon Apr 03 08:05:23 PDT 2017,5,BatchId:2750278;OriginalHitTemplateId:926051491;,1200,86400,Mon Apr 03 13:05:23 PDT 2017,,,30IQTZXKALE95UQFBSVGANGSJ8CX0Q,A205,Submitted,Mon Apr 03 08:09:46 PDT 2017,Mon Apr 03 08:09:58 PDT 2017,Tue Apr 04 08:09:58 PDT 2017,,,,12,0% (0/0),0% (0/0),0% (0/0),A Florida woman got a third breast,Third boob likely a hoax,against,724cc0b0-6c00-11e4-b528-9d5aa2d2e8e7,1abbebf0-428e-11e4-9e78-ff09d5b0049d,http://boingboing.net/2014/09/23/third-boob-likely-a-hoax.html,boingboing.net,false,224,1918,190,Against|Observing,{},,
3W0XM68YZP305ZEWIQFPAEWEC2TK18,31VHXET8YS9W77TWAKG7E9LHW92NHC,Fact Checking,"Given a claim and a news headline, label the headline as for/against/observing","news, fact-check",$0.04,Mon Apr 03 08:05:23 PDT 2017,5,BatchId:2750278;OriginalHitTemplateId:926051491;,1200,86400,Mon Apr 03 13:05:23 PDT 2017,,,37W3JXSD67GRDPHA9VA30WW5MJLYWZ,A26,Submitted,Mon Apr 03 08:08:42 PDT 2017,Mon Apr 03 08:17:13 PDT 2017,Tue Apr 04 08:17:13 PDT 2017,,,,511,0% (0/0),0% (0/0),0% (0/0),A Florida woman got a third breast,Third boob likely a hoax,against,724cc0b0-6c00-11e4-b528-9d5aa2d2e8e7,1abbebf0-428e-11e4-9e78-ff09d5b0049d,http://boingboing.net/2014/09/23/third-boob-likely-a-hoax.html,boingboing.net,false,224,1918,190,Against,{},,
3W0XM68YZP305ZEWIQFPAEWEC2TK18,31VHXET8YS9W77TWAKG7E9LHW92NHC,Fact Checking,"Given a claim and a news headline, label the headline as for/against/observing","news, fact-check",$0.04,Mon Apr 03 08:05:23 PDT 2017,5,BatchId:2750278;OriginalHitTemplateId:926051491;,1200,86400,Mon Apr 03 13:05:23 PDT 2017,,,39RP059MEI1ZV5ULV1QWJNWD38PBM6,A109,Submitted,Mon Apr 03 08:06:57 PDT 2017,Mon Apr 03 08:07:05 PDT 2017,Tue Apr 04 08:07:05 PDT 2017,,,,8,0% (0/0),0% (0/0),0% (0/0),A Florida woman got a third breast,Third boob likely a hoax,against,724cc0b0-6c00-11e4-b528-9d5aa2d2e8e7,1abbebf0-428e-11e4-9e78-ff09d5b0049d,http://boingboing.net/2014/09/23/third-boob-likely-a-hoax.html,boingboing.net,false,224,1918,190,Against,{},,
3W0XM68YZP305ZEWIQFPAEWEC2TK18,31VHXET8YS9W77TWAKG7E9LHW92NHC,Fact Checking,"Given a claim and a news headline, label the headline as for/against/observing","news, fact-check",$0.04,Mon Apr 03 08:05:23 PDT 2017,5,BatchId:2750278;OriginalHitTemplateId:926051491;,1200,86400,Mon Apr 03 13:05:23 PDT 2017,,,3M0BCWMB8W4V0HOZZ3WJSLY41A3BWX,A21,Submitted,Mon Apr 03 08:07:23 PDT 2017,Mon Apr 03 08:07:34 PDT 2017,Tue Apr 04 08:07:34 PDT 2017,,,,11,0% (0/0),0% (0/0),0% (0/0),A Florida woman got a third breast,Third boob likely a hoax,against,724cc0b0-6c00-11e4-b528-9d5aa2d2e8e7,1abbebf0-428e-11e4-9e78-ff09d5b0049d,http://boingboing.net/2014/09/23/third-boob-likely-a-hoax.html,boingboing.net,false,224,1918,190,Against,{},,
3W0XM68YZP305ZEWIQFPAEWEC2TK18,31VHXET8YS9W77TWAKG7E9LHW92NHC,Fact Checking,"Given a claim and a news headline, label the headline as for/against/observing","news, fact-check",$0.04,Mon Apr 03 08:05:23 PDT 2017,5,BatchId:2750278;OriginalHitTemplateId:926051491;,1200,86400,Mon Apr 03 13:05:23 PDT 2017,,,3NGI5ARFTUD43A96LKPZUFDZM19P1X,A132,Submitted,Mon Apr 03 08:09:48 PDT 2017,Mon Apr 03 08:10:02 PDT 2017,Tue Apr 04 08:10:02 PDT 2017,,,,14,0% (0/0),0% (0/0),0% (0/0),A Florida woman got a third breast,Third boob likely a hoax,against,724cc0b0-6c00-11e4-b528-9d5aa2d2e8e7,1abbebf0-428e-11e4-9e78-ff09d5b0049d,http://boingboing.net/2014/09/23/third-boob-likely-a-hoax.html,boingboing.net,false,224,1918,190,Against,{},,
3EFNPKWBMSWU2CL711JQFNW2WO103A,31VHXET8YS9W77TWAKG7E9LHW92NHC,Fact Checking,"Given a claim and a news headline, label the headline as for/against/observing","news, fact-check",$0.04,Mon Apr 03 08:05:23 PDT 2017,5,BatchId:2750278;OriginalHitTemplateId:926051491;,1200,86400,Mon Apr 03 13:05:23 PDT 2017,,,358UUM7WR0B3Q94NNSAX0K4RQ5XR7O,A132,Submitted,Mon Apr 03 08:09:04 PDT 2017,Mon Apr 03 08:09:09 PDT 2017,Tue Apr 04 08:09:09 PDT 2017,,,,5,0% (0/0),0% (0/0),0% (0/0),A Florida woman got a third breast,Three-boobed woman: They're not fake,observing,757106f0-6c07-11e4-b528-9d5aa2d2e8e7,1abbebf0-428e-11e4-9e78-ff09d5b0049d,http://nypost.com/2014/09/24/three-boobed-woman-theyre-not-fake/,nypost.com,false,224,1927,121,For,{},,
3EFNPKWBMSWU2CL711JQFNW2WO103A,31VHXET8YS9W77TWAKG7E9LHW92NHC,Fact Checking,"Given a claim and a news headline, label the headline as for/against/observing","news, fact-check",$0.04,Mon Apr 03 08:05:23 PDT 2017,5,BatchId:2750278;OriginalHitTemplateId:926051491;,1200,86400,Mon Apr 03 13:05:23 PDT 2017,,,388U7OUMF89P8Y432TPOL5U4IRRR0O,A21,Submitted,Mon Apr 03 08:08:42 PDT 2017,Mon Apr 03 08:08:51 PDT 2017,Tue Apr 04 08:08:51 PDT 2017,,,,9,0% (0/0),0% (0/0),0% (0/0),A Florida woman got a third breast,Three-boobed woman: They're not fake,observing,757106f0-6c07-11e4-b528-9d5aa2d2e8e7,1abbebf0-428e-11e4-9e78-ff09d5b0049d,http://nypost.com/2014/09/24/three-boobed-woman-theyre-not-fake/,nypost.com,false,224,1927,121,Observing,{},,
3EFNPKWBMSWU2CL711JQFNW2WO103A,31VHXET8YS9W77TWAKG7E9LHW92NHC,Fact Checking,"Given a claim and a news headline, label the headline as for/against/observing","news, fact-check",$0.04,Mon Apr 03 08:05:23 PDT 2017,5,BatchId:2750278;OriginalHitTemplateId:926051491;,1200,86400,Mon Apr 03 13:05:23 PDT 2017,,,3EO896NRAX39QJIHSQ4P3PAI5LUTJA,A26,Submitted,Mon Apr 03 08:08:45 PDT 2017,Mon Apr 03 08:18:03 PDT 2017,Tue Apr 04 08:18:03 PDT 2017,,,,558,0% (0/0),0% (0/0),0% (0/0),A Florida woman got a third breast,Three-boobed woman: They're not fake,observing,757106f0-6c07-11e4-b528-9d5aa2d2e8e7,1abbebf0-428e-11e4-9e78-ff09d5b0049d,http://nypost.com/2014/09/24/three-boobed-woman-theyre-not-fake/,nypost.com,false,224,1927,121,For,{},,
3EFNPKWBMSWU2CL711JQFNW2WO103A,31VHXET8YS9W77TWAKG7E9LHW92NHC,Fact Checking,"Given a claim and a news headline, label the headline as for/against/observing","news, fact-check",$0.04,Mon Apr 03 08:05:23 PDT 2017,5,BatchId:2750278;OriginalHitTemplateId:926051491;,1200,86400,Mon Apr 03 13:05:23 PDT 2017,,,3PS7W85Z80AKK7586EDCEVWF9GIT9F,A181,Submitted,Mon Apr 03 08:08:27 PDT 2017,Mon Apr 03 08:08:33 PDT 2017,Tue Apr 04 08:08:33 PDT 2017,,,,6,0% (0/0),0% (0/0),0% (0/0),A Florida woman got a third breast,Three-boobed woman: They're not fake,observing,757106f0-6c07-11e4-b528-9d5aa2d2e8e7,1abbebf0-428e-11e4-9e78-ff09d5b0049d,http://nypost.com/2014/09/24/three-boobed-woman-theyre-not-fake/,nypost.com,false,224,1927,121,For,{},,
3EFNPKWBMSWU2CL711JQFNW2WO103A,31VHXET8YS9W77TWAKG7E9LHW92NHC,Fact Checking,"Given a claim and a news headline, label the headline as for/against/observing","news, fact-check",$0.04,Mon Apr 03 08:05:23 PDT 2017,5,BatchId:2750278;OriginalHitTemplateId:926051491;,1200,86400,Mon Apr 03 13:05:23 PDT 2017,,,3SBEHTYCWOB9CUX5KE6OZ5NX78MYIR,A109,Submitted,Mon Apr 03 08:07:05 PDT 2017,Mon Apr 03 08:07:13 PDT 2017,Tue Apr 04 08:07:13 PDT 2017,,,,8,0% (0/0),0% (0/0),0% (0/0),A Florida woman got a third breast,Three-boobed woman: They're not fake,observing,757106f0-6c07-11e4-b528-9d5aa2d2e8e7,1abbebf0-428e-11e4-9e78-ff09d5b0049d,http://nypost.com/2014/09/24/three-boobed-woman-theyre-not-fake/,nypost.com,false,224,1927,121,For,{},,
3UL5XDRDNCRFYGDEAOKYNZ04TI458S,31VHXET8YS9W77TWAKG7E9LHW92NHC,Fact Checking,"Given a claim and a news headline, label the headline as for/against/observing","news, fact-check",$0.04,Mon Apr 03 08:05:23 PDT 2017,5,BatchId:2750278;OriginalHitTemplateId:926051491;,1200,86400,Mon Apr 03 13:05:23 PDT 2017,,,3AMYWKA6YCUHPWY2CQO10BZQK7TO6D,A26,Submitted,Mon Apr 03 08:08:49 PDT 2017,Mon Apr 03 08:19:11 PDT 2017,Tue Apr 04 08:19:11 PDT 2017,,,,622,0% (0/0),0% (0/0),0% (0/0),Robot security guards are patrolling a Microsoft campus in Silicon Valley,Microsoft Hires Dalek-style Robocops to Guard Silicon Valley HQ,for,24bc1f30-74a2-11e4-99be-fb3662a4a6dd,5d587310-749e-11e4-99be-fb3662a4a6dd,http://www.ibtimes.co.uk/microsoft-hires-dalek-style-robocop-guard-silicon-valley-hq-1474993,www.ibtimes.co.uk,false,198,1653,13,For|Observing,{},,
3UL5XDRDNCRFYGDEAOKYNZ04TI458S,31VHXET8YS9W77TWAKG7E9LHW92NHC,Fact Checking,"Given a claim and a news headline, label the headline as for/against/observing","news, fact-check",$0.04,Mon Apr 03 08:05:23 PDT 2017,5,BatchId:2750278;OriginalHitTemplateId:926051491;,1200,86400,Mon Apr 03 13:05:23 PDT 2017,,,3KB8R4ZV1FFZ3VYZKYS16ICG7MDGB3,A205,Submitted,Mon Apr 03 08:07:49 PDT 2017,Mon Apr 03 08:08:14 PDT 2017,Tue Apr 04 08:08:14 PDT 2017,,,,25,0% (0/0),0% (0/0),0% (0/0),Robot security guards are patrolling a Microsoft campus in Silicon Valley,Microsoft Hires Dalek-style Robocops to Guard Silicon Valley HQ,for,24bc1f30-74a2-11e4-99be-fb3662a4a6dd,5d587310-749e-11e4-99be-fb3662a4a6dd,http://www.ibtimes.co.uk/microsoft-hires-dalek-style-robocop-guard-silicon-valley-hq-1474993,www.ibtimes.co.uk,false,198,1653,13,For,{},,
3UL5XDRDNCRFYGDEAOKYNZ04TI458S,31VHXET8YS9W77TWAKG7E9LHW92NHC,Fact Checking,"Given a claim and a news headline, label the headline as for/against/observing","news, fact-check",$0.04,Mon Apr 03 08:05:23 PDT 2017,5,BatchId:2750278;OriginalHitTemplateId:926051491;,1200,86400,Mon Apr 03 13:05:23 PDT 2017,,,3KOPY89HM9A4R2KNDBYYLC6KBMH3J3,A109,Submitted,Mon Apr 03 08:07:35 PDT 2017,Mon Apr 03 08:07:44 PDT 2017,Tue Apr 04 08:07:44 PDT 2017,,,,9,0% (0/0),0% (0/0),0% (0/0),Robot security guards are patrolling a Microsoft campus in Silicon Valley,Microsoft Hires Dalek-style Robocops to Guard Silicon Valley HQ,for,24bc1f30-74a2-11e4-99be-fb3662a4a6dd,5d587310-749e-11e4-99be-fb3662a4a6dd,http://www.ibtimes.co.uk/microsoft-hires-dalek-style-robocop-guard-silicon-valley-hq-1474993,www.ibtimes.co.uk,false,198,1653,13,For,{},,
3UL5XDRDNCRFYGDEAOKYNZ04TI458S,31VHXET8YS9W77TWAKG7E9LHW92NHC,Fact Checking,"Given a claim and a news headline, label the headline as for/against/observing","news, fact-check",$0.04,Mon Apr 03 08:05:23 PDT 2017,5,BatchId:2750278;OriginalHitTemplateId:926051491;,1200,86400,Mon Apr 03 13:05:23 PDT 2017,,,3KOPY89HM9A4R2KNDBYYLC6KBMHJ3J,A21,Submitted,Mon Apr 03 08:08:51 PDT 2017,Mon Apr 03 08:09:02 PDT 2017,Tue Apr 04 08:09:02 PDT 2017,,,,11,0% (0/0),0% (0/0),0% (0/0),Robot security guards are patrolling a Microsoft campus in Silicon Valley,Microsoft Hires Dalek-style Robocops to Guard Silicon Valley HQ,for,24bc1f30-74a2-11e4-99be-fb3662a4a6dd,5d587310-749e-11e4-99be-fb3662a4a6dd,http://www.ibtimes.co.uk/microsoft-hires-dalek-style-robocop-guard-silicon-valley-hq-1474993,www.ibtimes.co.uk,false,198,1653,13,Observing,{},,
3UL5XDRDNCRFYGDEAOKYNZ04TI458S,31VHXET8YS9W77TWAKG7E9LHW92NHC,Fact Checking,"Given a claim and a news headline, label the headline as for/against/observing","news, fact-check",$0.04,Mon Apr 03 08:05:23 PDT 2017,5,BatchId:2750278;OriginalHitTemplateId:926051491;,1200,86400,Mon Apr 03 13:05:23 PDT 2017,,,3QRYMNZ7FZP599927OWHWWRZE5ZTNE,A181,Submitted,Mon Apr 03 08:09:00 PDT 2017,Mon Apr 03 08:09:09 PDT 2017,Tue Apr 04 08:09:09 PDT 2017,,,,9,0% (0/0),0% (0/0),0% (0/0),Robot security guards are patrolling a Microsoft campus in Silicon Valley,Microsoft Hires Dalek-style Robocops to Guard Silicon Valley HQ,for,24bc1f30-74a2-11e4-99be-fb3662a4a6dd,5d587310-749e-11e4-99be-fb3662a4a6dd,http://www.ibtimes.co.uk/microsoft-hires-dalek-style-robocop-guard-silicon-valley-hq-1474993,www.ibtimes.co.uk,false,198,1653,13,For,{},,
3LAZVA75NIZQKBH7ZM7WMENSODH2OR,31VHXET8YS9W77TWAKG7E9LHW92NHC,Fact Checking,"Given a claim and a news headline, label the headline as for/against/observing","news, fact-check",$0.04,Mon Apr 03 08:05:23 PDT 2017,5,BatchId:2750278;OriginalHitTemplateId:926051491;,1200,86400,Mon Apr 03 13:05:23 PDT 2017,,,3G2UL9A02EMA4Q63V47ZPPDVUIJ675,A181,Submitted,Mon Apr 03 08:05:50 PDT 2017,Mon Apr 03 08:07:05 PDT 2017,Tue Apr 04 08:07:05 PDT 2017,,,,75,0% (0/0),0% (0/0),0% (0/0),An Alaska Airlines plane was delayed when a scorpion stung a woman onboard,Scorpion Sting Delays Oregon State Flight,for,e4bca010-b6cf-11e4-8507-b58af63d1078,0d827850-b6ce-11e4-8507-b58af63d1078,http://seattle.cbslocal.com/2015/02/16/scorpion-sting-delays-oregon-state-flight/,seattle.cbslocal.com,true,202,1678,558,For,{},,
3LAZVA75NIZQKBH7ZM7WMENSODH2OR,31VHXET8YS9W77TWAKG7E9LHW92NHC,Fact Checking,"Given a claim and a news headline, label the headline as for/against/observing","news, fact-check",$0.04,Mon Apr 03 08:05:23 PDT 2017,5,BatchId:2750278;OriginalHitTemplateId:926051491;,1200,86400,Mon Apr 03 13:05:23 PDT 2017,,,3IX2EGZR7CRWA45PO1ZU3A90H0XRJV,A132,Submitted,Mon Apr 03 08:09:40 PDT 2017,Mon Apr 03 08:09:48 PDT 2017,Tue Apr 04 08:09:48 PDT 2017,,,,8,0% (0/0),0% (0/0),0% (0/0),An Alaska Airlines plane was delayed when a scorpion stung a woman onboard,Scorpion Sting Delays Oregon State Flight,for,e4bca010-b6cf-11e4-8507-b58af63d1078,0d827850-b6ce-11e4-8507-b58af63d1078,http://seattle.cbslocal.com/2015/02/16/scorpion-sting-delays-oregon-state-flight/,seattle.cbslocal.com,true,202,1678,558,For,{},,
3LAZVA75NIZQKBH7ZM7WMENSODH2OR,31VHXET8YS9W77TWAKG7E9LHW92NHC,Fact Checking,"Given a claim and a news headline, label the headline as for/against/observing","news, fact-check",$0.04,Mon Apr 03 08:05:23 PDT 2017,5,BatchId:2750278;OriginalHitTemplateId:926051491;,1200,86400,Mon Apr 03 13:05:23 PDT 2017,,,3QBD8R3Z22R3A9UOT2VM3DFCOGO4O9,A21,Submitted,Mon Apr 03 08:10:23 PDT 2017,Mon Apr 03 08:10:32 PDT 2017,Tue Apr 04 08:10:32 PDT 2017,,,,9,0% (0/0),0% (0/0),0% (0/0),An Alaska Airlines plane was delayed when a scorpion stung a woman onboard,Scorpion Sting Delays Oregon State Flight,for,e4bca010-b6cf-11e4-8507-b58af63d1078,0d827850-b6ce-11e4-8507-b58af63d1078,http://seattle.cbslocal.com/2015/02/16/scorpion-sting-delays-oregon-state-flight/,seattle.cbslocal.com,true,202,1678,558,For,{},,
3LAZVA75NIZQKBH7ZM7WMENSODH2OR,31VHXET8YS9W77TWAKG7E9LHW92NHC,Fact Checking,"Given a claim and a news headline, label the headline as for/against/observing","news, fact-check",$0.04,Mon Apr 03 08:05:23 PDT 2017,5,BatchId:2750278;OriginalHitTemplateId:926051491;,1200,86400,Mon Apr 03 13:05:23 PDT 2017,,,3VAR3R6G1Q94TAHQ55LZKPVHQ2JO8Z,A26,Submitted,Mon Apr 03 08:08:50 PDT 2017,Mon Apr 03 08:19:27 PDT 2017,Tue Apr 04 08:19:27 PDT 2017,,,,637,0% (0/0),0% (0/0),0% (0/0),An Alaska Airlines plane was delayed when a scorpion stung a woman onboard,Scorpion Sting Delays Oregon State Flight,for,e4bca010-b6cf-11e4-8507-b58af63d1078,0d827850-b6ce-11e4-8507-b58af63d1078,http://seattle.cbslocal.com/2015/02/16/scorpion-sting-delays-oregon-state-flight/,seattle.cbslocal.com,true,202,1678,558,For|Observing,{},,
3LAZVA75NIZQKBH7ZM7WMENSODH2OR,31VHXET8YS9W77TWAKG7E9LHW92NHC,Fact Checking,"Given a claim and a news headline, label the headline as for/against/observing","news, fact-check",$0.04,Mon Apr 03 08:05:23 PDT 2017,5,BatchId:2750278;OriginalHitTemplateId:926051491;,1200,86400,Mon Apr 03 13:05:23 PDT 2017,,,3XC1O3LBOTUFL96HVBG2J4NA9AZTLC,A109,Submitted,Mon Apr 03 08:08:57 PDT 2017,Mon Apr 03 08:09:05 PDT 2017,Tue Apr 04 08:09:05 PDT 2017,,,,8,0% (0/0),0% (0/0),0% (0/0),An Alaska Airlines plane was delayed when a scorpion stung a woman onboard,Scorpion Sting Delays Oregon State Flight,for,e4bca010-b6cf-11e4-8507-b58af63d1078,0d827850-b6ce-11e4-8507-b58af63d1078,http://seattle.cbslocal.com/2015/02/16/scorpion-sting-delays-oregon-state-flight/,seattle.cbslocal.com,true,202,1678,558,For,{},,
3MNJFORX8BCODVN1I2Q4XRHQGMHF5J,31VHXET8YS9W77TWAKG7E9LHW92NHC,Fact Checking,"Given a claim and a news headline, label the headline as for/against/observing","news, fact-check",$0.04,Mon Apr 03 08:05:24 PDT 2017,5,BatchId:2750278;OriginalHitTemplateId:926051491;,1200,86400,Mon Apr 03 13:05:24 PDT 2017,,,36V4Q8R5ZL8MZBWAEJNMECRCP8QQMX,A181,Submitted,Mon Apr 03 08:08:11 PDT 2017,Mon Apr 03 08:08:18 PDT 2017,Tue Apr 04 08:08:18 PDT 2017,,,,7,0% (0/0),0% (0/0),0% (0/0),Lovesick woman stays in KFC for one week,Woman Stays In KFC For A Week To Get Over Her Break-Up,for,fe8ce5b0-9ff8-11e4-a353-5b831fe927be,40f8caf0-9ff8-11e4-a353-5b831fe927be,http://www.huffingtonpost.co.uk/2014/10/22/woman-kfc-break-up_n_6026202.html,www.huffingtonpost.co.uk,unknown,238,2046,35,For,{},,
3MNJFORX8BCODVN1I2Q4XRHQGMHF5J,31VHXET8YS9W77TWAKG7E9LHW92NHC,Fact Checking,"Given a claim and a news headline, label the headline as for/against/observing","news, fact-check",$0.04,Mon Apr 03 08:05:24 PDT 2017,5,BatchId:2750278;OriginalHitTemplateId:926051491;,1200,86400,Mon Apr 03 13:05:24 PDT 2017,,,3LOTDFNYA87LDY0F45IFBBPPG8VWF0,A146,Submitted,Mon Apr 03 08:09:00 PDT 2017,Mon Apr 03 08:09:29 PDT 2017,Tue Apr 04 08:09:29 PDT 2017,,,,29,0% (0/0),0% (0/0),0% (0/0),Lovesick woman stays in KFC for one week,Woman Stays In KFC For A Week To Get Over Her Break-Up,for,fe8ce5b0-9ff8-11e4-a353-5b831fe927be,40f8caf0-9ff8-11e4-a353-5b831fe927be,http://www.huffingtonpost.co.uk/2014/10/22/woman-kfc-break-up_n_6026202.html,www.huffingtonpost.co.uk,unknown,238,2046,35,Observing,{},,
3MNJFORX8BCODVN1I2Q4XRHQGMHF5J,31VHXET8YS9W77TWAKG7E9LHW92NHC,Fact Checking,"Given a claim and a news headline, label the headline as for/against/observing","news, fact-check",$0.04,Mon Apr 03 08:05:24 PDT 2017,5,BatchId:2750278;OriginalHitTemplateId:926051491;,1200,86400,Mon Apr 03 13:05:24 PDT 2017,,,3M0BCWMB8W4V0HOZZ3WJSLY41A3WBI,A26,Submitted,Mon Apr 03 08:08:52 PDT 2017,Mon Apr 03 08:19:53 PDT 2017,Tue Apr 04 08:19:53 PDT 2017,,,,661,0% (0/0),0% (0/0),0% (0/0),Lovesick woman stays in KFC for one week,Woman Stays In KFC For A Week To Get Over Her Break-Up,for,fe8ce5b0-9ff8-11e4-a353-5b831fe927be,40f8caf0-9ff8-11e4-a353-5b831fe927be,http://www.huffingtonpost.co.uk/2014/10/22/woman-kfc-break-up_n_6026202.html,www.huffingtonpost.co.uk,unknown,238,2046,35,For|Observing,{},,
3MNJFORX8BCODVN1I2Q4XRHQGMHF5J,31VHXET8YS9W77TWAKG7E9LHW92NHC,Fact Checking,"Given a claim and a news headline, label the headline as for/against/observing","news, fact-check",$0.04,Mon Apr 03 08:05:24 PDT 2017,5,BatchId:2750278;OriginalHitTemplateId:926051491;,1200,86400,Mon Apr 03 13:05:24 PDT 2017,,,3QBD8R3Z22R3A9UOT2VM3DFCOGNO4S,A132,Submitted,Mon Apr 03 08:08:43 PDT 2017,Mon Apr 03 08:08:49 PDT 2017,Tue Apr 04 08:08:49 PDT 2017,,,,6,0% (0/0),0% (0/0),0% (0/0),Lovesick woman stays in KFC for one week,Woman Stays In KFC For A Week To Get Over Her Break-Up,for,fe8ce5b0-9ff8-11e4-a353-5b831fe927be,40f8caf0-9ff8-11e4-a353-5b831fe927be,http://www.huffingtonpost.co.uk/2014/10/22/woman-kfc-break-up_n_6026202.html,www.huffingtonpost.co.uk,unknown,238,2046,35,For,{},,
3MNJFORX8BCODVN1I2Q4XRHQGMHF5J,31VHXET8YS9W77TWAKG7E9LHW92NHC,Fact Checking,"Given a claim and a news headline, label the headline as for/against/observing","news, fact-check",$0.04,Mon Apr 03 08:05:24 PDT 2017,5,BatchId:2750278;OriginalHitTemplateId:926051491;,1200,86400,Mon Apr 03 13:05:24 PDT 2017,,,3X3OR7WPZ08WNPETSD57S8RNVXEL8F,A205,Submitted,Mon Apr 03 08:08:14 PDT 2017,Mon Apr 03 08:08:53 PDT 2017,Tue Apr 04 08:08:53 PDT 2017,,,,39,0% (0/0),0% (0/0),0% (0/0),Lovesick woman stays in KFC for one week,Woman Stays In KFC For A Week To Get Over Her Break-Up,for,fe8ce5b0-9ff8-11e4-a353-5b831fe927be,40f8caf0-9ff8-11e4-a353-5b831fe927be,http://www.huffingtonpost.co.uk/2014/10/22/woman-kfc-break-up_n_6026202.html,www.huffingtonpost.co.uk,unknown,238,2046,35,For,{},,
3DGDV62G7OH85BT8EMKBBESIYID2P8,31VHXET8YS9W77TWAKG7E9LHW92NHC,Fact Checking,"Given a claim and a news headline, label the headline as for/against/observing","news, fact-check",$0.04,Mon Apr 03 08:05:24 PDT 2017,5,BatchId:2750278;OriginalHitTemplateId:926051491;,1200,86400,Mon Apr 03 13:05:24 PDT 2017,,,3DH6GAKTYZXV7KMFKIUAZ0QN3LPYZP,A181,Submitted,Mon Apr 03 08:08:52 PDT 2017,Mon Apr 03 08:09:00 PDT 2017,Tue Apr 04 08:09:00 PDT 2017,,,,8,0% (0/0),0% (0/0),0% (0/0),ISIS beheads Steve Sotloff,ISIS online video shows beheading of U.S. journalist Steven Sotloff,for,8484aed0-32cd-11e4-8453-710264d9a1f8,cea96980-32c6-11e4-8453-710264d9a1f8,http://kdvr.com/2014/09/02/online-video-claims-to-show-beheading-of-u-s-journalist-steven-sotloff-by-isis/,kdvr.com,true,209,1762,570,For,{},,
3DGDV62G7OH85BT8EMKBBESIYID2P8,31VHXET8YS9W77TWAKG7E9LHW92NHC,Fact Checking,"Given a claim and a news headline, label the headline as for/against/observing","news, fact-check",$0.04,Mon Apr 03 08:05:24 PDT 2017,5,BatchId:2750278;OriginalHitTemplateId:926051491;,1200,86400,Mon Apr 03 13:05:24 PDT 2017,,,3EO896NRAX39QJIHSQ4P3PAI5LUJT0,A169,Submitted,Mon Apr 03 08:10:17 PDT 2017,Mon Apr 03 08:11:10 PDT 2017,Tue Apr 04 08:11:10 PDT 2017,,,,53,0% (0/0),0% (0/0),0% (0/0),ISIS beheads Steve Sotloff,ISIS online video shows beheading of U.S. journalist Steven Sotloff,for,8484aed0-32cd-11e4-8453-710264d9a1f8,cea96980-32c6-11e4-8453-710264d9a1f8,http://kdvr.com/2014/09/02/online-video-claims-to-show-beheading-of-u-s-journalist-steven-sotloff-by-isis/,kdvr.com,true,209,1762,570,For,{},,
3DGDV62G7OH85BT8EMKBBESIYID2P8,31VHXET8YS9W77TWAKG7E9LHW92NHC,Fact Checking,"Given a claim and a news headline, label the headline as for/against/observing","news, fact-check",$0.04,Mon Apr 03 08:05:24 PDT 2017,5,BatchId:2750278;OriginalHitTemplateId:926051491;,1200,86400,Mon Apr 03 13:05:24 PDT 2017,,,3HFNH7HEMIMM710O3GPR177FTMEGQF,A109,Submitted,Mon Apr 03 08:08:19 PDT 2017,Mon Apr 03 08:08:26 PDT 2017,Tue Apr 04 08:08:26 PDT 2017,,,,7,0% (0/0),0% (0/0),0% (0/0),ISIS beheads Steve Sotloff,ISIS online video shows beheading of U.S. journalist Steven Sotloff,for,8484aed0-32cd-11e4-8453-710264d9a1f8,cea96980-32c6-11e4-8453-710264d9a1f8,http://kdvr.com/2014/09/02/online-video-claims-to-show-beheading-of-u-s-journalist-steven-sotloff-by-isis/,kdvr.com,true,209,1762,570,For,{},,
3DGDV62G7OH85BT8EMKBBESIYID2P8,31VHXET8YS9W77TWAKG7E9LHW92NHC,Fact Checking,"Given a claim and a news headline, label the headline as for/against/observing","news, fact-check",$0.04,Mon Apr 03 08:05:24 PDT 2017,5,BatchId:2750278;OriginalHitTemplateId:926051491;,1200,86400,Mon Apr 03 13:05:24 PDT 2017,,,3K4J6M3CXF1UKLT7EKS5B7SAP4SGA8,A21,Submitted,Mon Apr 03 08:09:48 PDT 2017,Mon Apr 03 08:09:55 PDT 2017,Tue Apr 04 08:09:55 PDT 2017,,,,7,0% (0/0),0% (0/0),0% (0/0),ISIS beheads Steve Sotloff,ISIS online video shows beheading of U.S. journalist Steven Sotloff,for,8484aed0-32cd-11e4-8453-710264d9a1f8,cea96980-32c6-11e4-8453-710264d9a1f8,http://kdvr.com/2014/09/02/online-video-claims-to-show-beheading-of-u-s-journalist-steven-sotloff-by-isis/,kdvr.com,true,209,1762,570,For,{},,
3DGDV62G7OH85BT8EMKBBESIYID2P8,31VHXET8YS9W77TWAKG7E9LHW92NHC,Fact Checking,"Given a claim and a news headline, label the headline as for/against/observing","news, fact-check",$0.04,Mon Apr 03 08:05:24 PDT 2017,5,BatchId:2750278;OriginalHitTemplateId:926051491;,1200,86400,Mon Apr 03 13:05:24 PDT 2017,,,3WMINLGALCBH39D2CYWMLG7VRC1CAV,A157,Submitted,Mon Apr 03 08:14:21 PDT 2017,Mon Apr 03 08:15:11 PDT 2017,Tue Apr 04 08:15:11 PDT 2017,,,,50,0% (0/0),0% (0/0),0% (0/0),ISIS beheads Steve Sotloff,ISIS online video shows beheading of U.S. journalist Steven Sotloff,for,8484aed0-32cd-11e4-8453-710264d9a1f8,cea96980-32c6-11e4-8453-710264d9a1f8,http://kdvr.com/2014/09/02/online-video-claims-to-show-beheading-of-u-s-journalist-steven-sotloff-by-isis/,kdvr.com,true,209,1762,570,For,{},,
3L60IFZKF3QK7KY2EUFDP9WT1ALHH0,31VHXET8YS9W77TWAKG7E9LHW92NHC,Fact Checking,"Given a claim and a news headline, label the headline as for/against/observing","news, fact-check",$0.04,Mon Apr 03 08:05:24 PDT 2017,5,BatchId:2750278;OriginalHitTemplateId:926051491;,1200,86400,Mon Apr 03 13:05:24 PDT 2017,,,31EUONYN2WB24MD3DYW9C3FP10JVOA,A109,Submitted,Mon Apr 03 08:07:23 PDT 2017,Mon Apr 03 08:07:34 PDT 2017,Tue Apr 04 08:07:34 PDT 2017,,,,11,0% (0/0),0% (0/0),0% (0/0),Apple will open a pop-up Apple Watch store in London's Selfridges department store,"Apple considering dedicated Apple Watch stores as it sets up Paris booth, London Selfridges Wonder Room",for,d33581f0-c27c-11e4-8747-5b024dd6dd6c,c35e06d0-c27c-11e4-8747-5b024dd6dd6c,http://9to5mac.com/2015/02/19/apple-considering-dedicated-apple-watch-stores-as-it-sets-up-paris-booth/,9to5mac.com,unknown,194,1582,45,Observing,{},,
3L60IFZKF3QK7KY2EUFDP9WT1ALHH0,31VHXET8YS9W77TWAKG7E9LHW92NHC,Fact Checking,"Given a claim and a news headline, label the headline as for/against/observing","news, fact-check",$0.04,Mon Apr 03 08:05:24 PDT 2017,5,BatchId:2750278;OriginalHitTemplateId:926051491;,1200,86400,Mon Apr 03 13:05:24 PDT 2017,,,32ZKVD547GVY9JMBPJLHNON73H83BI,A132,Submitted,Mon Apr 03 08:06:53 PDT 2017,Mon Apr 03 08:07:07 PDT 2017,Tue Apr 04 08:07:07 PDT 2017,,,,14,0% (0/0),0% (0/0),0% (0/0),Apple will open a pop-up Apple Watch store in London's Selfridges department store,"Apple considering dedicated Apple Watch stores as it sets up Paris booth, London Selfridges Wonder Room",for,d33581f0-c27c-11e4-8747-5b024dd6dd6c,c35e06d0-c27c-11e4-8747-5b024dd6dd6c,http://9to5mac.com/2015/02/19/apple-considering-dedicated-apple-watch-stores-as-it-sets-up-paris-booth/,9to5mac.com,unknown,194,1582,45,For,{},,
3L60IFZKF3QK7KY2EUFDP9WT1ALHH0,31VHXET8YS9W77TWAKG7E9LHW92NHC,Fact Checking,"Given a claim and a news headline, label the headline as for/against/observing","news, fact-check",$0.04,Mon Apr 03 08:05:24 PDT 2017,5,BatchId:2750278;OriginalHitTemplateId:926051491;,1200,86400,Mon Apr 03 13:05:24 PDT 2017,,,38SKSKU7R25PCVQ61ZHY5XL1YTJLIN,A26,Submitted,Mon Apr 03 08:08:44 PDT 2017,Mon Apr 03 08:17:50 PDT 2017,Tue Apr 04 08:17:50 PDT 2017,,,,546,0% (0/0),0% (0/0),0% (0/0),Apple will open a pop-up Apple Watch store in London's Selfridges department store,"Apple considering dedicated Apple Watch stores as it sets up Paris booth, London Selfridges Wonder Room",for,d33581f0-c27c-11e4-8747-5b024dd6dd6c,c35e06d0-c27c-11e4-8747-5b024dd6dd6c,http://9to5mac.com/2015/02/19/apple-considering-dedicated-apple-watch-stores-as-it-sets-up-paris-booth/,9to5mac.com,unknown,194,1582,45,Observing,{},,
3L60IFZKF3QK7KY2EUFDP9WT1ALHH0,31VHXET8YS9W77TWAKG7E9LHW92NHC,Fact Checking,"Given a claim and a news headline, label the headline as for/against/observing","news, fact-check",$0.04,Mon Apr 03 08:05:24 PDT 2017,5,BatchId:2750278;OriginalHitTemplateId:926051491;,1200,86400,Mon Apr 03 13:05:24 PDT 2017,,,3OSWBBLG1F534ER9N4JBPU0BDXLDXZ,A21,Submitted,Mon Apr 03 08:07:34 PDT 2017,Mon Apr 03 08:07:52 PDT 2017,Tue Apr 04 08:07:52 PDT 2017,,,,18,0% (0/0),0% (0/0),0% (0/0),Apple will open a pop-up Apple Watch store in London's Selfridges department store,"Apple considering dedicated Apple Watch stores as it sets up Paris booth, London Selfridges Wonder Room",for,d33581f0-c27c-11e4-8747-5b024dd6dd6c,c35e06d0-c27c-11e4-8747-5b024dd6dd6c,http://9to5mac.com/2015/02/19/apple-considering-dedicated-apple-watch-stores-as-it-sets-up-paris-booth/,9to5mac.com,unknown,194,1582,45,Observing,{},,
3L60IFZKF3QK7KY2EUFDP9WT1ALHH0,31VHXET8YS9W77TWAKG7E9LHW92NHC,Fact Checking,"Given a claim and a news headline, label the headline as for/against/observing","news, fact-check",$0.04,Mon Apr 03 08:05:24 PDT 2017,5,BatchId:2750278;OriginalHitTemplateId:926051491;,1200,86400,Mon Apr 03 13:05:24 PDT 2017,,,3VFJCI1K407MJ2FOGVER6XHKP8GRGR,A181,Submitted,Mon Apr 03 08:09:22 PDT 2017,Mon Apr 03 08:09:32 PDT 2017,Tue Apr 04 08:09:32 PDT 2017,,,,10,0% (0/0),0% (0/0),0% (0/0),Apple will open a pop-up Apple Watch store in London's Selfridges department store,"Apple considering dedicated Apple Watch stores as it sets up Paris booth, London Selfridges Wonder Room",for,d33581f0-c27c-11e4-8747-5b024dd6dd6c,c35e06d0-c27c-11e4-8747-5b024dd6dd6c,http://9to5mac.com/2015/02/19/apple-considering-dedicated-apple-watch-stores-as-it-sets-up-paris-booth/,9to5mac.com,unknown,194,1582,45,Observing,{},,
3TC2K6WK9GANZJURS5I0PSXS98D82U,31VHXET8YS9W77TWAKG7E9LHW92NHC,Fact Checking,"Given a claim and a news headline, label the headline as for/against/observing","news, fact-check",$0.04,Mon Apr 03 08:05:24 PDT 2017,5,BatchId:2750278;OriginalHitTemplateId:926051491;,1200,86400,Mon Apr 03 13:05:24 PDT 2017,,,33PPUNGG39DMAJAT6N2GR4XQ0YAZRO,A21,Submitted,Mon Apr 03 08:09:55 PDT 2017,Mon Apr 03 08:10:14 PDT 2017,Tue Apr 04 08:10:14 PDT 2017,,,,19,0% (0/0),0% (0/0),0% (0/0),Samsung will supply application processors for Apple Watch,iPhone 6 and Even Apple Watch To Feature Samsung Components Rumor,observing,1aa6d530-c362-11e4-9435-a96703525a9e,0aee2cb0-c362-11e4-9435-a96703525a9e,http://www.gforgames.com/gadgets/iphone-6-apple-watch-samsung-components-45871/,www.gforgames.com,unknown,199,1658,552,Observing,{},,
3TC2K6WK9GANZJURS5I0PSXS98D82U,31VHXET8YS9W77TWAKG7E9LHW92NHC,Fact Checking,"Given a claim and a news headline, label the headline as for/against/observing","news, fact-check",$0.04,Mon Apr 03 08:05:24 PDT 2017,5,BatchId:2750278;OriginalHitTemplateId:926051491;,1200,86400,Mon Apr 03 13:05:24 PDT 2017,,,3A4NIXBJ777B8EGXMEFQXQSIF23LM3,A26,Submitted,Mon Apr 03 08:08:46 PDT 2017,Mon Apr 03 08:18:21 PDT 2017,Tue Apr 04 08:18:21 PDT 2017,,,,575,0% (0/0),0% (0/0),0% (0/0),Samsung will supply application processors for Apple Watch,iPhone 6 and Even Apple Watch To Feature Samsung Components Rumor,observing,1aa6d530-c362-11e4-9435-a96703525a9e,0aee2cb0-c362-11e4-9435-a96703525a9e,http://www.gforgames.com/gadgets/iphone-6-apple-watch-samsung-components-45871/,www.gforgames.com,unknown,199,1658,552,Observing,{},,
3TC2K6WK9GANZJURS5I0PSXS98D82U,31VHXET8YS9W77TWAKG7E9LHW92NHC,Fact Checking,"Given a claim and a news headline, label the headline as for/against/observing","news, fact-check",$0.04,Mon Apr 03 08:05:24 PDT 2017,5,BatchId:2750278;OriginalHitTemplateId:926051491;,1200,86400,Mon Apr 03 13:05:24 PDT 2017,,,3NPI0JQDAPD5CULFN3990LWUEK0TPA,A132,Submitted,Mon Apr 03 08:09:22 PDT 2017,Mon Apr 03 08:09:30 PDT 2017,Tue Apr 04 08:09:30 PDT 2017,,,,8,0% (0/0),0% (0/0),0% (0/0),Samsung will supply application processors for Apple Watch,iPhone 6 and Even Apple Watch To Feature Samsung Components Rumor,observing,1aa6d530-c362-11e4-9435-a96703525a9e,0aee2cb0-c362-11e4-9435-a96703525a9e,http://www.gforgames.com/gadgets/iphone-6-apple-watch-samsung-components-45871/,www.gforgames.com,unknown,199,1658,552,Observing,{},,
3TC2K6WK9GANZJURS5I0PSXS98D82U,31VHXET8YS9W77TWAKG7E9LHW92NHC,Fact Checking,"Given a claim and a news headline, label the headline as for/against/observing","news, fact-check",$0.04,Mon Apr 03 08:05:24 PDT 2017,5,BatchId:2750278;OriginalHitTemplateId:926051491;,1200,86400,Mon Apr 03 13:05:24 PDT 2017,,,3PZDLQMM0UTSY6IYZJ37FYOXFO8C2N,A109,Submitted,Mon Apr 03 08:07:44 PDT 2017,Mon Apr 03 08:07:53 PDT 2017,Tue Apr 04 08:07:53 PDT 2017,,,,9,0% (0/0),0% (0/0),0% (0/0),Samsung will supply application processors for Apple Watch,iPhone 6 and Even Apple Watch To Feature Samsung Components Rumor,observing,1aa6d530-c362-11e4-9435-a96703525a9e,0aee2cb0-c362-11e4-9435-a96703525a9e,http://www.gforgames.com/gadgets/iphone-6-apple-watch-samsung-components-45871/,www.gforgames.com,unknown,199,1658,552,Observing,{},,
3TC2K6WK9GANZJURS5I0PSXS98D82U,31VHXET8YS9W77TWAKG7E9LHW92NHC,Fact Checking,"Given a claim and a news headline, label the headline as for/against/observing","news, fact-check",$0.04,Mon Apr 03 08:05:24 PDT 2017,5,BatchId:2750278;OriginalHitTemplateId:926051491;,1200,86400,Mon Apr 03 13:05:24 PDT 2017,,,3STRJBFXOXZ413OZAB4144AVKAUTK9,A205,Submitted,Mon Apr 03 08:08:53 PDT 2017,Mon Apr 03 08:09:21 PDT 2017,Tue Apr 04 08:09:21 PDT 2017,,,,28,0% (0/0),0% (0/0),0% (0/0),Samsung will supply application processors for Apple Watch,iPhone 6 and Even Apple Watch To Feature Samsung Components Rumor,observing,1aa6d530-c362-11e4-9435-a96703525a9e,0aee2cb0-c362-11e4-9435-a96703525a9e,http://www.gforgames.com/gadgets/iphone-6-apple-watch-samsung-components-45871/,www.gforgames.com,unknown,199,1658,552,Observing,{},,
